Produto,UF,Ano,area_colhida_ha,area_plantada_ha,producao_t,produtividade_kg_ha,valor_producao_mil_reais
Algodao herbaceo (em caroco),Acre,2000,60,60,33,550,23
Algodao herbaceo (em caroco),Acre,2001,88,88,53,602,34
Algodao herbaceo (em caroco),Acre,2002,40,40,48,1200,48
Algodao herbaceo (em caroco),Acre,2003,,,,,
Algodao herbaceo (em caroco),Acre,2004,48,48,110,2291,198
Algodao herbaceo (em caroco),Acre,2005,105,105,126,1200,126
Algodao herbaceo (em caroco),Acre,2006,22,22,28,1272,17
Algodao herbaceo (em caroco),Acre,2007,,,,,
Algodao herbaceo (em caroco),Acre,2008,,,,,
Algodao herbaceo (em caroco),Acre,2009,,,,,
Algodao herbaceo (em caroco),Acre,2010,,,,,
Algodao herbaceo (em caroco),Acre,2011,,,,,
Algodao herbaceo (em caroco),Acre,2012,,,,,
Algodao herbaceo (em caroco),Acre,2013,,,,,
Algodao herbaceo (em caroco),Acre,2014,,,,,
Algodao herbaceo (em caroco),Acre,2015,,,,,
Algodao herbaceo (em caroco),Acre,2016,,,,,
Algodao herbaceo (em caroco),Acre,2017,,,,,
Algodao herbaceo (em caroco),Acre,2018,,,,,
Algodao herbaceo (em caroco),Acre,2019,,,,,
Algodao herbaceo (em caroco),Acre,2020,,,,,
Algodao herbaceo (em caroco),Acre,2021,,,,,
Algodao herbaceo (em caroco),Acre,2022,,,,,
Algodao herbaceo (em caroco),Acre,2023,,,,,
Algodao herbaceo (em caroco),Acre,2024,,,,,
Algodao herbaceo (em caroco),Alagoas,2000,6157,8400,2023,328,1297
Algodao herbaceo (em caroco),Alagoas,2001,14452,15910,6886,476,4158
Algodao herbaceo (em caroco),Alagoas,2002,14629,14829,9524,651,9847
Algodao herbaceo (em caroco),Alagoas,2003,5175,8965,905,174,1292
Algodao herbaceo (em caroco),Alagoas,2004,7635,9384,2258,295,2446
Algodao herbaceo (em caroco),Alagoas,2005,12590,12946,3959,314,3426
Algodao herbaceo (em caroco),Alagoas,2006,11011,11343,3229,293,2763
Algodao herbaceo (em caroco),Alagoas,2007,8203,8623,2165,263,2116
Algodao herbaceo (em caroco),Alagoas,2008,3400,3500,785,230,716
Algodao herbaceo (em caroco),Alagoas,2009,1377,1618,395,286,278
Algodao herbaceo (em caroco),Alagoas,2010,1146,1171,314,273,302
Algodao herbaceo (em caroco),Alagoas,2011,520,520,155,298,169
Algodao herbaceo (em caroco),Alagoas,2012,54,171,8,148,11
Algodao herbaceo (em caroco),Alagoas,2013,72,72,35,486,42
Algodao herbaceo (em caroco),Alagoas,2014,85,85,39,459,46
Algodao herbaceo (em caroco),Alagoas,2015,80,80,39,488,37
Algodao herbaceo (em caroco),Alagoas,2016,60,60,28,467,38
Algodao herbaceo (em caroco),Alagoas,2017,31,31,15,484,22
Algodao herbaceo (em caroco),Alagoas,2018,111,113,51,459,75
Algodao herbaceo (em caroco),Alagoas,2019,159,164,66,415,126
Algodao herbaceo (em caroco),Alagoas,2020,638,638,1247,1955,3087
Algodao herbaceo (em caroco),Alagoas,2021,955,960,1991,2085,4053
Algodao herbaceo (em caroco),Alagoas,2022,625,630,1837,2939,3418
Algodao herbaceo (em caroco),Alagoas,2023,32,32,20,625,65
Algodao herbaceo (em caroco),Alagoas,2024,33,33,28,848,109
Algodao herbaceo (em caroco),Amapá,2000,,,,,
Algodao herbaceo (em caroco),Amapá,2001,,,,,
Algodao herbaceo (em caroco),Amapá,2002,,,,,
Algodao herbaceo (em caroco),Amapá,2003,,,,,
Algodao herbaceo (em caroco),Amapá,2004,,,,,
Algodao herbaceo (em caroco),Amapá,2005,,,,,
Algodao herbaceo (em caroco),Amapá,2006,,,,,
Algodao herbaceo (em caroco),Amapá,2007,,,,,
Algodao herbaceo (em caroco),Amapá,2008,,,,,
Algodao herbaceo (em caroco),Amapá,2009,,,,,
Algodao herbaceo (em caroco),Amapá,2010,,,,,
Algodao herbaceo (em caroco),Amapá,2011,,,,,
Algodao herbaceo (em caroco),Amapá,2012,,,,,
Algodao herbaceo (em caroco),Amapá,2013,,,,,
Algodao herbaceo (em caroco),Amapá,2014,,,,,
Algodao herbaceo (em caroco),Amapá,2015,,,,,
Algodao herbaceo (em caroco),Amapá,2016,,,,,
Algodao herbaceo (em caroco),Amapá,2017,,,,,
Algodao herbaceo (em caroco),Amapá,2018,,,,,
Algodao herbaceo (em caroco),Amapá,2019,,,,,
Algodao herbaceo (em caroco),Amapá,2020,,,,,
Algodao herbaceo (em caroco),Amapá,2021,,,,,
Algodao herbaceo (em caroco),Amapá,2022,,,,,
Algodao herbaceo (em caroco),Amapá,2023,,,,,
Algodao herbaceo (em caroco),Amapá,2024,,,,,
Algodao herbaceo (em caroco),Amazonas,2000,21,23,23,1095,11
Algodao herbaceo (em caroco),Amazonas,2001,22,23,25,1136,13
Algodao herbaceo (em caroco),Amazonas,2002,22,23,25,1136,13
Algodao herbaceo (em caroco),Amazonas,2003,11,11,13,1181,4
Algodao herbaceo (em caroco),Amazonas,2004,5,5,7,1400,1
Algodao herbaceo (em caroco),Amazonas,2005,1,2,1,1000,
Algodao herbaceo (em caroco),Amazonas,2006,1,2,1,1000,0
Algodao herbaceo (em caroco),Amazonas,2007,,,,,
Algodao herbaceo (em caroco),Amazonas,2008,,,,,
Algodao herbaceo (em caroco),Amazonas,2009,,,,,
Algodao herbaceo (em caroco),Amazonas,2010,,,,,
Algodao herbaceo (em caroco),Amazonas,2011,,,,,
Algodao herbaceo (em caroco),Amazonas,2012,,,,,
Algodao herbaceo (em caroco),Amazonas,2013,,,,,
Algodao herbaceo (em caroco),Amazonas,2014,,,,,
Algodao herbaceo (em caroco),Amazonas,2015,,,,,
Algodao herbaceo (em caroco),Amazonas,2016,,,,,
Algodao herbaceo (em caroco),Amazonas,2017,,,,,
Algodao herbaceo (em caroco),Amazonas,2018,,,,,
Algodao herbaceo (em caroco),Amazonas,2019,,,,,
Algodao herbaceo (em caroco),Amazonas,2020,,,,,
Algodao herbaceo (em caroco),Amazonas,2021,,,,,
Algodao herbaceo (em caroco),Amazonas,2022,,,,,
Algodao herbaceo (em caroco),Amazonas,2023,,,,,
Algodao herbaceo (em caroco),Amazonas,2024,,,,,
Algodao herbaceo (em caroco),Bahia,2000,55952,55952,132675,2371,86110
Algodao herbaceo (em caroco),Bahia,2001,56607,58629,170092,3004,123763
Algodao herbaceo (em caroco),Bahia,2002,75264,75264,179971,2391,157558
Algodao herbaceo (em caroco),Bahia,2003,85794,86353,276360,3221,382803
Algodao herbaceo (em caroco),Bahia,2004,203939,203939,704163,3452,965667
Algodao herbaceo (em caroco),Bahia,2005,257377,257377,822401,3195,848834
Algodao herbaceo (em caroco),Bahia,2006,242066,242066,810253,3347,808198
Algodao herbaceo (em caroco),Bahia,2007,301928,301928,1125240,3726,1091285
Algodao herbaceo (em caroco),Bahia,2008,310032,310081,1167947,3767,1173434
Algodao herbaceo (em caroco),Bahia,2009,289483,289758,916895,3167,889106
Algodao herbaceo (em caroco),Bahia,2010,270173,270895,996220,3687,956536
Algodao herbaceo (em caroco),Bahia,2011,415700,415806,1579841,3800,2108650
Algodao herbaceo (em caroco),Bahia,2012,396146,432562,1256090,3171,2762023
Algodao herbaceo (em caroco),Bahia,2013,294471,295535,924981,3141,2398610
Algodao herbaceo (em caroco),Bahia,2014,341060,341690,1163996,3413,3065487
Algodao herbaceo (em caroco),Bahia,2015,332506,332636,1196663,3599,1776796
Algodao herbaceo (em caroco),Bahia,2016,275240,279870,878645,3192,1747480
Algodao herbaceo (em caroco),Bahia,2017,197676,197676,814640,4121,1938513
Algodao herbaceo (em caroco),Bahia,2018,267107,267107,1247722,4671,3570633
Algodao herbaceo (em caroco),Bahia,2019,330782,330782,1493474,4515,3776061
Algodao herbaceo (em caroco),Bahia,2020,313648,313648,1462803,4664,4391066
Algodao herbaceo (em caroco),Bahia,2021,275517,275517,1190682,4322,4057802
Algodao herbaceo (em caroco),Bahia,2022,303936,303936,1271499,4183,6831634
Algodao herbaceo (em caroco),Bahia,2023,312521,312521,1452841,4649,7312553
Algodao herbaceo (em caroco),Bahia,2024,338737,338737,1485719,4386,6442494
Algodao herbaceo (em caroco),Ceará,2000,95089,95089,65991,693,43519
Algodao herbaceo (em caroco),Ceará,2001,20570,21567,10717,521,7156
Algodao herbaceo (em caroco),Ceará,2002,14977,15297,13185,880,9196
Algodao herbaceo (em caroco),Ceará,2003,13627,13637,14077,1033,17183
Algodao herbaceo (em caroco),Ceará,2004,16300,16487,16077,986,19755
Algodao herbaceo (em caroco),Ceará,2005,10288,10288,8577,833,9519
Algodao herbaceo (em caroco),Ceará,2006,9560,9560,10131,1059,8257
Algodao herbaceo (em caroco),Ceará,2007,5762,6290,4639,805,3999
Algodao herbaceo (em caroco),Ceará,2008,4156,4156,4869,1171,4282
Algodao herbaceo (em caroco),Ceará,2009,3099,3099,3898,1257,3552
Algodao herbaceo (em caroco),Ceará,2010,2176,2176,2196,1009,2108
Algodao herbaceo (em caroco),Ceará,2011,2945,2945,3436,1167,5455
Algodao herbaceo (em caroco),Ceará,2012,1752,1752,375,214,627
Algodao herbaceo (em caroco),Ceará,2013,1342,1342,2176,1621,6562
Algodao herbaceo (em caroco),Ceará,2014,1334,1354,2410,1807,5159
Algodao herbaceo (em caroco),Ceará,2015,362,390,107,296,166
Algodao herbaceo (em caroco),Ceará,2016,396,406,425,1073,953
Algodao herbaceo (em caroco),Ceará,2017,516,516,496,961,973
Algodao herbaceo (em caroco),Ceará,2018,1608,1611,1272,791,2586
Algodao herbaceo (em caroco),Ceará,2019,2928,2928,3423,1169,7136
Algodao herbaceo (em caroco),Ceará,2020,3233,3233,5636,1743,12072
Algodao herbaceo (em caroco),Ceará,2021,2610,2610,5844,2239,16731
Algodao herbaceo (em caroco),Ceará,2022,1773,1775,3386,1910,7647
Algodao herbaceo (em caroco),Ceará,2023,3482,3500,5857,1682,13296
Algodao herbaceo (em caroco),Ceará,2024,2324,2379,4693,2019,19427
Algodao herbaceo (em caroco),Distrito Federal,2000,800,800,2817,3521,5380
Algodao herbaceo (em caroco),Distrito Federal,2001,1397,1397,4117,2947,2347
Algodao herbaceo (em caroco),Distrito Federal,2002,1470,1470,4155,2826,4794
Algodao herbaceo (em caroco),Distrito Federal,2003,3240,3240,10900,3364,17211
Algodao herbaceo (em caroco),Distrito Federal,2004,4015,4015,11242,2800,15137
Algodao herbaceo (em caroco),Distrito Federal,2005,4780,4780,16553,3462,14550
Algodao herbaceo (em caroco),Distrito Federal,2006,2880,2880,9792,3400,8487
Algodao herbaceo (em caroco),Distrito Federal,2007,1545,1545,4195,2715,3251
Algodao herbaceo (em caroco),Distrito Federal,2008,,,,,
Algodao herbaceo (em caroco),Distrito Federal,2009,,,,,
Algodao herbaceo (em caroco),Distrito Federal,2010,,,,,
Algodao herbaceo (em caroco),Distrito Federal,2011,678,678,1763,2600,3173
Algodao herbaceo (em caroco),Distrito Federal,2012,110,110,385,3500,578
Algodao herbaceo (em caroco),Distrito Federal,2013,,,,,
Algodao herbaceo (em caroco),Distrito Federal,2014,,,,,
Algodao herbaceo (em caroco),Distrito Federal,2015,,,,,
Algodao herbaceo (em caroco),Distrito Federal,2016,,,,,
Algodao herbaceo (em caroco),Distrito Federal,2017,25,25,113,4520,242
Algodao herbaceo (em caroco),Distrito Federal,2018,,,,,
Algodao herbaceo (em caroco),Distrito Federal,2019,,,,,
Algodao herbaceo (em caroco),Distrito Federal,2020,,,,,
Algodao herbaceo (em caroco),Distrito Federal,2021,,,,,
Algodao herbaceo (em caroco),Distrito Federal,2022,,,,,
Algodao herbaceo (em caroco),Distrito Federal,2023,,,,,
Algodao herbaceo (em caroco),Distrito Federal,2024,,,,,
Algodao herbaceo (em caroco),Espírito Santo,2000,,,,,
Algodao herbaceo (em caroco),Espírito Santo,2001,,,,,
Algodao herbaceo (em caroco),Espírito Santo,2002,,,,,
Algodao herbaceo (em caroco),Espírito Santo,2003,,,,,
Algodao herbaceo (em caroco),Espírito Santo,2004,,,,,
Algodao herbaceo (em caroco),Espírito Santo,2005,,,,,
Algodao herbaceo (em caroco),Espírito Santo,2006,,,,,
Algodao herbaceo (em caroco),Espírito Santo,2007,71,152,141,1985,0
Algodao herbaceo (em caroco),Espírito Santo,2008,,,,,
Algodao herbaceo (em caroco),Espírito Santo,2009,,,,,
Algodao herbaceo (em caroco),Espírito Santo,2010,,,,,
Algodao herbaceo (em caroco),Espírito Santo,2011,,,,,
Algodao herbaceo (em caroco),Espírito Santo,2012,,,,,
Algodao herbaceo (em caroco),Espírito Santo,2013,,,,,
Algodao herbaceo (em caroco),Espírito Santo,2014,,,,,
Algodao herbaceo (em caroco),Espírito Santo,2015,,,,,
Algodao herbaceo (em caroco),Espírito Santo,2016,,,,,
Algodao herbaceo (em caroco),Espírito Santo,2017,,,,,
Algodao herbaceo (em caroco),Espírito Santo,2018,,,,,
Algodao herbaceo (em caroco),Espírito Santo,2019,,,,,
Algodao herbaceo (em caroco),Espírito Santo,2020,,,,,
Algodao herbaceo (em caroco),Espírito Santo,2021,,,,,
Algodao herbaceo (em caroco),Espírito Santo,2022,,,,,
Algodao herbaceo (em caroco),Espírito Santo,2023,,,,,
Algodao herbaceo (em caroco),Espírito Santo,2024,,,,,
Algodao herbaceo (em caroco),Goiás,2000,96718,96718,254476,2631,175830
Algodao herbaceo (em caroco),Goiás,2001,106539,106539,326150,3061,353677
Algodao herbaceo (em caroco),Goiás,2002,102185,102185,301255,2948,307645
Algodao herbaceo (em caroco),Goiás,2003,99347,99347,305187,3071,373254
Algodao herbaceo (em caroco),Goiás,2004,141555,141555,469794,3318,831537
Algodao herbaceo (em caroco),Goiás,2005,149114,149114,432045,2897,435441
Algodao herbaceo (em caroco),Goiás,2006,66033,66033,202914,3072,249817
Algodao herbaceo (em caroco),Goiás,2007,82807,82807,296553,3581,378081
Algodao herbaceo (em caroco),Goiás,2008,72030,72030,286750,3980,269782
Algodao herbaceo (em caroco),Goiás,2009,54870,54870,227307,4142,457365
Algodao herbaceo (em caroco),Goiás,2010,43909,43909,180404,4108,695481
Algodao herbaceo (em caroco),Goiás,2011,110779,110779,425825,3844,1048279
Algodao herbaceo (em caroco),Goiás,2012,96430,96610,352514,3656,448815
Algodao herbaceo (em caroco),Goiás,2013,53270,53270,205167,3851,436105
Algodao herbaceo (em caroco),Goiás,2014,68129,68129,267179,3922,503769
Algodao herbaceo (em caroco),Goiás,2015,32175,32175,131995,4102,224110
Algodao herbaceo (em caroco),Goiás,2016,29273,29273,86446,2953,158449
Algodao herbaceo (em caroco),Goiás,2017,26606,26606,103871,3904,204998
Algodao herbaceo (em caroco),Goiás,2018,28136,28136,108457,3855,261251
Algodao herbaceo (em caroco),Goiás,2019,44215,44215,182928,4137,409029
Algodao herbaceo (em caroco),Goiás,2020,38522,38522,162377,4215,402602
Algodao herbaceo (em caroco),Goiás,2021,33503,33503,138840,4144,283404
Algodao herbaceo (em caroco),Goiás,2022,31346,31346,129665,4137,257052
Algodao herbaceo (em caroco),Goiás,2023,31746,31746,116410,3667,480879
Algodao herbaceo (em caroco),Goiás,2024,36403,36403,146940,4036,585213
Algodao herbaceo (em caroco),Maranhão,2000,466,466,699,1500,338
Algodao herbaceo (em caroco),Maranhão,2001,2515,2515,8118,3227,3455
Algodao herbaceo (em caroco),Maranhão,2002,3118,3118,9725,3118,2932
Algodao herbaceo (em caroco),Maranhão,2003,3254,3254,10564,3246,32731
Algodao herbaceo (em caroco),Maranhão,2004,6634,6634,22395,3375,34120
Algodao herbaceo (em caroco),Maranhão,2005,8385,8385,29206,3483,44610
Algodao herbaceo (em caroco),Maranhão,2006,7194,7194,18611,2587,11167
Algodao herbaceo (em caroco),Maranhão,2007,7194,7194,18611,2587,6514
Algodao herbaceo (em caroco),Maranhão,2008,16918,16930,46737,2762,70669
Algodao herbaceo (em caroco),Maranhão,2009,12841,12841,42418,3303,71007
Algodao herbaceo (em caroco),Maranhão,2010,13030,13030,42855,3288,71383
Algodao herbaceo (em caroco),Maranhão,2011,16755,16755,61412,3665,107800
Algodao herbaceo (em caroco),Maranhão,2012,18626,18626,75059,4030,133788
Algodao herbaceo (em caroco),Maranhão,2013,18504,18504,75093,4058,138439
Algodao herbaceo (em caroco),Maranhão,2014,18588,18588,76249,4102,185898
Algodao herbaceo (em caroco),Maranhão,2015,21375,21375,89774,4200,174962
Algodao herbaceo (em caroco),Maranhão,2016,20913,20913,66690,3189,153843
Algodao herbaceo (em caroco),Maranhão,2017,22491,22491,85365,3796,202478
Algodao herbaceo (em caroco),Maranhão,2018,22342,22342,91654,4102,226635
Algodao herbaceo (em caroco),Maranhão,2019,27752,27752,103680,3736,261943
Algodao herbaceo (em caroco),Maranhão,2020,26536,26536,107798,4062,297980
Algodao herbaceo (em caroco),Maranhão,2021,25924,25924,108511,4186,307612
Algodao herbaceo (em caroco),Maranhão,2022,27670,27670,142937,5166,300168
Algodao herbaceo (em caroco),Maranhão,2023,27670,27670,113404,4098,243819
Algodao herbaceo (em caroco),Maranhão,2024,32637,32637,133815,4100,291768
Algodao herbaceo (em caroco),Mato Grosso,2000,257762,257762,1002836,3890,606770
Algodao herbaceo (em caroco),Mato Grosso,2001,412315,412627,1525376,3699,998346
Algodao herbaceo (em caroco),Mato Grosso,2002,328046,328050,1141211,3478,753341
Algodao herbaceo (em caroco),Mato Grosso,2003,290531,290531,1065779,3668,1233456
Algodao herbaceo (em caroco),Mato Grosso,2004,469780,470780,1884315,4011,2431407
Algodao herbaceo (em caroco),Mato Grosso,2005,482391,483525,1682839,3488,4119679
Algodao herbaceo (em caroco),Mato Grosso,2006,392408,392408,1437926,3664,1370548
Algodao herbaceo (em caroco),Mato Grosso,2007,560838,560838,2204457,3930,2072305
Algodao herbaceo (em caroco),Mato Grosso,2008,539586,539586,2083398,3861,2023074
Algodao herbaceo (em caroco),Mato Grosso,2009,357543,357543,1415921,3960,1734067
Algodao herbaceo (em caroco),Mato Grosso,2010,420132,420132,1454675,3462,2057753
Algodao herbaceo (em caroco),Mato Grosso,2011,719582,719582,2539617,3529,3266943
Algodao herbaceo (em caroco),Mato Grosso,2012,728645,728645,2804712,3849,4127964
Algodao herbaceo (em caroco),Mato Grosso,2013,486024,486024,1867422,3842,3396360
Algodao herbaceo (em caroco),Mato Grosso,2014,613189,613189,2384448,3889,3840582
Algodao herbaceo (em caroco),Mato Grosso,2015,574145,574145,2303616,4012,4236265
Algodao herbaceo (em caroco),Mato Grosso,2016,606025,606314,2220555,3664,5049353
Algodao herbaceo (em caroco),Mato Grosso,2017,616374,616374,2578596,4183,5533407
Algodao herbaceo (em caroco),Mato Grosso,2018,761864,761864,3211351,4215,8074751
Algodao herbaceo (em caroco),Mato Grosso,2019,1106497,1106497,4652784,4205,10436718
Algodao herbaceo (em caroco),Mato Grosso,2020,1140416,1140416,4895045,4292,12847085
Algodao herbaceo (em caroco),Mato Grosso,2021,963041,963041,3998994,4152,20867705
Algodao herbaceo (em caroco),Mato Grosso,2022,1192260,1192260,4396655,3688,23452526
Algodao herbaceo (em caroco),Mato Grosso,2023,1229957,1229982,5360416,4358,20332341
Algodao herbaceo (em caroco),Mato Grosso,2024,1464481,1464481,6265771,4278,22468996
Algodao herbaceo (em caroco),Mato Grosso do Sul,2000,48450,49075,127839,2638,85888
Algodao herbaceo (em caroco),Mato Grosso do Sul,2001,50058,50143,169425,3384,110029
Algodao herbaceo (em caroco),Mato Grosso do Sul,2002,44675,44767,154105,3449,126006
Algodao herbaceo (em caroco),Mato Grosso do Sul,2003,43635,43725,159060,3645,199596
Algodao herbaceo (em caroco),Mato Grosso do Sul,2004,55975,55975,187296,3346,227336
Algodao herbaceo (em caroco),Mato Grosso do Sul,2005,63718,63882,176131,2764,159254
Algodao herbaceo (em caroco),Mato Grosso do Sul,2006,29499,29499,94116,3190,91818
Algodao herbaceo (em caroco),Mato Grosso do Sul,2007,46249,46249,183216,3961,168387
Algodao herbaceo (em caroco),Mato Grosso do Sul,2008,44224,44224,179155,4051,180690
Algodao herbaceo (em caroco),Mato Grosso do Sul,2009,36716,36716,144231,3928,126524
Algodao herbaceo (em caroco),Mato Grosso do Sul,2010,38740,38740,149369,3855,198539
Algodao herbaceo (em caroco),Mato Grosso do Sul,2011,60918,60958,220318,3617,340772
Algodao herbaceo (em caroco),Mato Grosso do Sul,2012,61915,61919,221224,3573,302200
Algodao herbaceo (em caroco),Mato Grosso do Sul,2013,38964,38971,174009,4466,288922
Algodao herbaceo (em caroco),Mato Grosso do Sul,2014,37707,37707,165061,4377,264540
Algodao herbaceo (em caroco),Mato Grosso do Sul,2015,30724,30724,137724,4483,241843
Algodao herbaceo (em caroco),Mato Grosso do Sul,2016,29610,29650,111410,3763,201236
Algodao herbaceo (em caroco),Mato Grosso do Sul,2017,28841,28841,131210,4549,222343
Algodao herbaceo (em caroco),Mato Grosso do Sul,2018,30450,30450,146690,4817,328371
Algodao herbaceo (em caroco),Mato Grosso do Sul,2019,37895,37895,166854,4403,360168
Algodao herbaceo (em caroco),Mato Grosso do Sul,2020,31655,31655,140745,4446,357464
Algodao herbaceo (em caroco),Mato Grosso do Sul,2021,23005,23005,99903,4343,345174
Algodao herbaceo (em caroco),Mato Grosso do Sul,2022,25499,25499,122990,4823,568495
Algodao herbaceo (em caroco),Mato Grosso do Sul,2023,29639,29639,140819,4751,635938
Algodao herbaceo (em caroco),Mato Grosso do Sul,2024,32284,32284,150491,4661,620455
Algodao herbaceo (em caroco),Minas Gerais,2000,49306,49306,99743,2022,65515
Algodao herbaceo (em caroco),Minas Gerais,2001,41215,41215,69760,1692,46183
Algodao herbaceo (em caroco),Minas Gerais,2002,39091,39091,90588,2317,61316
Algodao herbaceo (em caroco),Minas Gerais,2003,34168,34238,85914,2514,113477
Algodao herbaceo (em caroco),Minas Gerais,2004,50999,53064,134966,2646,193754
Algodao herbaceo (em caroco),Minas Gerais,2005,57227,57257,153147,2676,142488
Algodao herbaceo (em caroco),Minas Gerais,2006,34807,40752,100049,2874,91262
Algodao herbaceo (em caroco),Minas Gerais,2007,30310,30340,89649,2957,74295
Algodao herbaceo (em caroco),Minas Gerais,2008,20524,20524,75241,3666,77876
Algodao herbaceo (em caroco),Minas Gerais,2009,15123,15309,55767,3687,53828
Algodao herbaceo (em caroco),Minas Gerais,2010,15056,15306,55810,3706,75172
Algodao herbaceo (em caroco),Minas Gerais,2011,32306,32547,114315,3539,228760
Algodao herbaceo (em caroco),Minas Gerais,2012,30233,30499,103011,3407,155329
Algodao herbaceo (em caroco),Minas Gerais,2013,20231,20495,66673,3296,132483
Algodao herbaceo (em caroco),Minas Gerais,2014,20864,20927,72473,3474,107065
Algodao herbaceo (em caroco),Minas Gerais,2015,18231,18690,67588,3707,80575
Algodao herbaceo (em caroco),Minas Gerais,2016,19264,19669,66401,3447,103217
Algodao herbaceo (em caroco),Minas Gerais,2017,18741,18854,69985,3734,149229
Algodao herbaceo (em caroco),Minas Gerais,2018,22286,22286,92615,4156,228264
Algodao herbaceo (em caroco),Minas Gerais,2019,42224,42224,168976,4002,390367
Algodao herbaceo (em caroco),Minas Gerais,2020,39114,39135,166681,4261,400200
Algodao herbaceo (em caroco),Minas Gerais,2021,26173,26173,98275,3755,412898
Algodao herbaceo (em caroco),Minas Gerais,2022,25397,25397,105418,4151,588736
Algodao herbaceo (em caroco),Minas Gerais,2023,27341,27341,118604,4338,407238
Algodao herbaceo (em caroco),Minas Gerais,2024,29863,29863,126181,4225,420092
Algodao herbaceo (em caroco),Pará,2000,15,15,12,800,8
Algodao herbaceo (em caroco),Pará,2001,,,,,
Algodao herbaceo (em caroco),Pará,2002,,,,,
Algodao herbaceo (em caroco),Pará,2003,,,,,
Algodao herbaceo (em caroco),Pará,2004,,,,,
Algodao herbaceo (em caroco),Pará,2005,,,,,
Algodao herbaceo (em caroco),Pará,2006,,,,,
Algodao herbaceo (em caroco),Pará,2007,,,,,
Algodao herbaceo (em caroco),Pará,2008,,,,,
Algodao herbaceo (em caroco),Pará,2009,,,,,
Algodao herbaceo (em caroco),Pará,2010,,,,,
Algodao herbaceo (em caroco),Pará,2011,,,,,
Algodao herbaceo (em caroco),Pará,2012,,,,,
Algodao herbaceo (em caroco),Pará,2013,,,,,
Algodao herbaceo (em caroco),Pará,2014,,,,,
Algodao herbaceo (em caroco),Pará,2015,,,,,
Algodao herbaceo (em caroco),Pará,2016,,,,,
Algodao herbaceo (em caroco),Pará,2017,,,,,
Algodao herbaceo (em caroco),Pará,2018,,,,,
Algodao herbaceo (em caroco),Pará,2019,,,,,
Algodao herbaceo (em caroco),Pará,2020,,,,,
Algodao herbaceo (em caroco),Pará,2021,,,,,
Algodao herbaceo (em caroco),Pará,2022,,,,,
Algodao herbaceo (em caroco),Pará,2023,,,,,
Algodao herbaceo (em caroco),Pará,2024,250,250,1125,4500,10500
Algodao herbaceo (em caroco),Paraíba,2000,23530,23834,17073,725,11765
Algodao herbaceo (em caroco),Paraíba,2001,6258,8020,2535,405,1709
Algodao herbaceo (em caroco),Paraíba,2002,6478,6525,7071,1091,5079
Algodao herbaceo (em caroco),Paraíba,2003,8177,8263,8633,1055,8573
Algodao herbaceo (em caroco),Paraíba,2004,21566,21711,19015,881,22309
Algodao herbaceo (em caroco),Paraíba,2005,13593,16319,7087,521,7163
Algodao herbaceo (em caroco),Paraíba,2006,7460,7469,7755,1039,7046
Algodao herbaceo (em caroco),Paraíba,2007,5145,5169,2884,560,2700
Algodao herbaceo (em caroco),Paraíba,2008,2747,3605,2550,928,2799
Algodao herbaceo (em caroco),Paraíba,2009,1955,2197,1546,790,1650
Algodao herbaceo (em caroco),Paraíba,2010,1211,1777,430,355,468
Algodao herbaceo (em caroco),Paraíba,2011,1413,1419,2367,1675,3419
Algodao herbaceo (em caroco),Paraíba,2012,120,358,91,758,153
Algodao herbaceo (em caroco),Paraíba,2013,93,98,127,1366,228
Algodao herbaceo (em caroco),Paraíba,2014,32,47,23,719,46
Algodao herbaceo (em caroco),Paraíba,2015,235,243,228,970,400
Algodao herbaceo (em caroco),Paraíba,2016,179,179,146,816,354
Algodao herbaceo (em caroco),Paraíba,2017,403,417,347,861,695
Algodao herbaceo (em caroco),Paraíba,2018,477,479,581,1218,1131
Algodao herbaceo (em caroco),Paraíba,2019,911,914,1168,1282,2443
Algodao herbaceo (em caroco),Paraíba,2020,2197,2197,3611,1644,8593
Algodao herbaceo (em caroco),Paraíba,2021,1450,1539,2014,1389,5475
Algodao herbaceo (em caroco),Paraíba,2022,916,956,1190,1299,3654
Algodao herbaceo (em caroco),Paraíba,2023,895,900,1118,1249,3351
Algodao herbaceo (em caroco),Paraíba,2024,722,726,527,730,2486
Algodao herbaceo (em caroco),Paraná,2000,54109,54109,125444,2318,78904
Algodao herbaceo (em caroco),Paraná,2001,71211,71211,174771,2454,97222
Algodao herbaceo (em caroco),Paraná,2002,36181,36181,84432,2333,59260
Algodao herbaceo (em caroco),Paraná,2003,30049,30049,71720,2386,88029
Algodao herbaceo (em caroco),Paraná,2004,47315,47315,90171,1905,113638
Algodao herbaceo (em caroco),Paraná,2005,57187,57187,78722,1376,65372
Algodao herbaceo (em caroco),Paraná,2006,13890,13890,22609,1627,20328
Algodao herbaceo (em caroco),Paraná,2007,12253,12253,25903,2114,23427
Algodao herbaceo (em caroco),Paraná,2008,6528,6528,16760,2567,16561
Algodao herbaceo (em caroco),Paraná,2009,3251,3251,7746,2382,8319
Algodao herbaceo (em caroco),Paraná,2010,99,99,203,2050,201
Algodao herbaceo (em caroco),Paraná,2011,1132,1132,3193,2821,5896
Algodao herbaceo (em caroco),Paraná,2012,1233,1233,1906,1546,3133
Algodao herbaceo (em caroco),Paraná,2013,94,94,223,2372,110
Algodao herbaceo (em caroco),Paraná,2014,,,,,
Algodao herbaceo (em caroco),Paraná,2015,,,,,
Algodao herbaceo (em caroco),Paraná,2016,,,,,
Algodao herbaceo (em caroco),Paraná,2017,,,,,
Algodao herbaceo (em caroco),Paraná,2018,154,154,438,2844,657
Algodao herbaceo (em caroco),Paraná,2019,302,302,481,1593,952
Algodao herbaceo (em caroco),Paraná,2020,98,141,238,2429,439
Algodao herbaceo (em caroco),Paraná,2021,97,97,231,2381,438
Algodao herbaceo (em caroco),Paraná,2022,48,48,23,479,37
Algodao herbaceo (em caroco),Paraná,2023,147,147,393,2673,747
Algodao herbaceo (em caroco),Paraná,2024,249,249,839,3369,1498
Algodao herbaceo (em caroco),Pernambuco,2000,10930,12375,6669,610,3914
Algodao herbaceo (em caroco),Pernambuco,2001,4258,7279,995,233,535
Algodao herbaceo (em caroco),Pernambuco,2002,5348,6589,1877,350,1361
Algodao herbaceo (em caroco),Pernambuco,2003,2751,4284,1393,506,1397
Algodao herbaceo (em caroco),Pernambuco,2004,3724,4478,2305,618,2613
Algodao herbaceo (em caroco),Pernambuco,2005,3683,4115,2316,628,1709
Algodao herbaceo (em caroco),Pernambuco,2006,3229,3257,2289,708,2310
Algodao herbaceo (em caroco),Pernambuco,2007,2575,2613,1791,695,1782
Algodao herbaceo (em caroco),Pernambuco,2008,2843,2885,1990,699,1629
Algodao herbaceo (em caroco),Pernambuco,2009,2387,2387,1855,777,1624
Algodao herbaceo (em caroco),Pernambuco,2010,1178,1178,784,665,690
Algodao herbaceo (em caroco),Pernambuco,2011,1069,1081,820,767,924
Algodao herbaceo (em caroco),Pernambuco,2012,457,784,194,425,319
Algodao herbaceo (em caroco),Pernambuco,2013,,55,,,
Algodao herbaceo (em caroco),Pernambuco,2014,77,98,49,636,67
Algodao herbaceo (em caroco),Pernambuco,2015,33,90,56,1697,92
Algodao herbaceo (em caroco),Pernambuco,2016,38,38,15,395,26
Algodao herbaceo (em caroco),Pernambuco,2017,50,50,70,1400,102
Algodao herbaceo (em caroco),Pernambuco,2018,47,52,40,851,42
Algodao herbaceo (em caroco),Pernambuco,2019,190,197,108,568,412
Algodao herbaceo (em caroco),Pernambuco,2020,81,85,70,864,234
Algodao herbaceo (em caroco),Pernambuco,2021,85,131,51,600,242
Algodao herbaceo (em caroco),Pernambuco,2022,90,101,45,500,200
Algodao herbaceo (em caroco),Pernambuco,2023,52,84,24,462,184
Algodao herbaceo (em caroco),Pernambuco,2024,167,167,120,719,1741
Algodao herbaceo (em caroco),Piauí,2000,13175,13175,4753,360,2907
Algodao herbaceo (em caroco),Piauí,2001,8167,8193,2832,346,1575
Algodao herbaceo (em caroco),Piauí,2002,7762,8126,2483,319,1491
Algodao herbaceo (em caroco),Piauí,2003,6978,6978,2611,374,2025
Algodao herbaceo (em caroco),Piauí,2004,11047,13777,9012,815,9110
Algodao herbaceo (em caroco),Piauí,2005,13860,14632,9771,704,9485
Algodao herbaceo (em caroco),Piauí,2006,9217,15064,24999,2712,23841
Algodao herbaceo (em caroco),Piauí,2007,13212,13778,27521,2083,22975
Algodao herbaceo (em caroco),Piauí,2008,14600,14600,49584,3396,45409
Algodao herbaceo (em caroco),Piauí,2009,9902,9902,26153,2641,23827
Algodao herbaceo (em caroco),Piauí,2010,5681,5891,20850,3670,19218
Algodao herbaceo (em caroco),Piauí,2011,17076,17076,57020,3339,53165
Algodao herbaceo (em caroco),Piauí,2012,20781,21365,74820,3600,70987
Algodao herbaceo (em caroco),Piauí,2013,10436,11415,37273,3572,37273
Algodao herbaceo (em caroco),Piauí,2014,11521,12130,44945,3901,53936
Algodao herbaceo (em caroco),Piauí,2015,14129,14268,50875,3601,61053
Algodao herbaceo (em caroco),Piauí,2016,4892,5536,7147,1461,9044
Algodao herbaceo (em caroco),Piauí,2017,5423,5423,20033,3694,23761
Algodao herbaceo (em caroco),Piauí,2018,7369,7369,24943,3385,32746
Algodao herbaceo (em caroco),Piauí,2019,15488,15498,57486,3712,72640
Algodao herbaceo (em caroco),Piauí,2020,18322,18401,57179,3121,78732
Algodao herbaceo (em caroco),Piauí,2021,9512,9705,40154,4221,72863
Algodao herbaceo (em caroco),Piauí,2022,13475,13493,55773,4139,101865
Algodao herbaceo (em caroco),Piauí,2023,16369,16384,72999,4460,133442
Algodao herbaceo (em caroco),Piauí,2024,23917,23924,103311,4320,87579
Algodao herbaceo (em caroco),Rio de Janeiro,2000,,,,,
Algodao herbaceo (em caroco),Rio de Janeiro,2001,,,,,
Algodao herbaceo (em caroco),Rio de Janeiro,2002,,,,,
Algodao herbaceo (em caroco),Rio de Janeiro,2003,,,,,
Algodao herbaceo (em caroco),Rio de Janeiro,2004,,,,,
Algodao herbaceo (em caroco),Rio de Janeiro,2005,,,,,
Algodao herbaceo (em caroco),Rio de Janeiro,2006,,,,,
Algodao herbaceo (em caroco),Rio de Janeiro,2007,,,,,
Algodao herbaceo (em caroco),Rio de Janeiro,2008,,,,,
Algodao herbaceo (em caroco),Rio de Janeiro,2009,,,,,
Algodao herbaceo (em caroco),Rio de Janeiro,2010,,,,,
Algodao herbaceo (em caroco),Rio de Janeiro,2011,,,,,
Algodao herbaceo (em caroco),Rio de Janeiro,2012,,,,,
Algodao herbaceo (em caroco),Rio de Janeiro,2013,,,,,
Algodao herbaceo (em caroco),Rio de Janeiro,2014,,,,,
Algodao herbaceo (em caroco),Rio de Janeiro,2015,,,,,
Algodao herbaceo (em caroco),Rio de Janeiro,2016,,,,,
Algodao herbaceo (em caroco),Rio de Janeiro,2017,,,,,
Algodao herbaceo (em caroco),Rio de Janeiro,2018,,,,,
Algodao herbaceo (em caroco),Rio de Janeiro,2019,,,,,
Algodao herbaceo (em caroco),Rio de Janeiro,2020,,,,,
Algodao herbaceo (em caroco),Rio de Janeiro,2021,,,,,
Algodao herbaceo (em caroco),Rio de Janeiro,2022,,,,,
Algodao herbaceo (em caroco),Rio de Janeiro,2023,,,,,
Algodao herbaceo (em caroco),Rio de Janeiro,2024,,,,,
Algodao herbaceo (em caroco),Rio Grande do Norte,2000,21699,27010,14318,659,10536
Algodao herbaceo (em caroco),Rio Grande do Norte,2001,10951,19310,4395,401,2948
Algodao herbaceo (em caroco),Rio Grande do Norte,2002,17845,19137,11741,657,9169
Algodao herbaceo (em caroco),Rio Grande do Norte,2003,17729,18109,11322,638,10835
Algodao herbaceo (em caroco),Rio Grande do Norte,2004,19752,20759,13047,660,14161
Algodao herbaceo (em caroco),Rio Grande do Norte,2005,14462,16157,9229,638,9251
Algodao herbaceo (em caroco),Rio Grande do Norte,2006,13021,13233,8729,670,8653
Algodao herbaceo (em caroco),Rio Grande do Norte,2007,4930,9182,3626,735,3533
Algodao herbaceo (em caroco),Rio Grande do Norte,2008,7360,9478,5146,699,5054
Algodao herbaceo (em caroco),Rio Grande do Norte,2009,5835,7730,4574,783,4476
Algodao herbaceo (em caroco),Rio Grande do Norte,2010,519,680,1669,3215,1665
Algodao herbaceo (em caroco),Rio Grande do Norte,2011,3669,3669,2117,577,2570
Algodao herbaceo (em caroco),Rio Grande do Norte,2012,327,449,478,1462,596
Algodao herbaceo (em caroco),Rio Grande do Norte,2013,236,526,329,1394,329
Algodao herbaceo (em caroco),Rio Grande do Norte,2014,211,257,496,2351,588
Algodao herbaceo (em caroco),Rio Grande do Norte,2015,282,282,275,975,220
Algodao herbaceo (em caroco),Rio Grande do Norte,2016,252,271,1002,3976,1202
Algodao herbaceo (em caroco),Rio Grande do Norte,2017,251,266,1126,4486,1352
Algodao herbaceo (em caroco),Rio Grande do Norte,2018,266,266,1009,3793,1311
Algodao herbaceo (em caroco),Rio Grande do Norte,2019,324,324,1238,3821,2460
Algodao herbaceo (em caroco),Rio Grande do Norte,2020,273,273,1040,3810,2047
Algodao herbaceo (em caroco),Rio Grande do Norte,2021,270,270,1023,3789,2023
Algodao herbaceo (em caroco),Rio Grande do Norte,2022,325,341,1061,3265,4194
Algodao herbaceo (em caroco),Rio Grande do Norte,2023,597,680,1240,2077,4143
Algodao herbaceo (em caroco),Rio Grande do Norte,2024,899,956,1637,1821,8472
Algodao herbaceo (em caroco),Rio Grande do Sul,2000,,,,,
Algodao herbaceo (em caroco),Rio Grande do Sul,2001,,,,,
Algodao herbaceo (em caroco),Rio Grande do Sul,2002,,,,,
Algodao herbaceo (em caroco),Rio Grande do Sul,2003,,,,,
Algodao herbaceo (em caroco),Rio Grande do Sul,2004,,,,,
Algodao herbaceo (em caroco),Rio Grande do Sul,2005,,,,,
Algodao herbaceo (em caroco),Rio Grande do Sul,2006,,,,,
Algodao herbaceo (em caroco),Rio Grande do Sul,2007,,,,,
Algodao herbaceo (em caroco),Rio Grande do Sul,2008,,,,,
Algodao herbaceo (em caroco),Rio Grande do Sul,2009,,,,,
Algodao herbaceo (em caroco),Rio Grande do Sul,2010,,,,,
Algodao herbaceo (em caroco),Rio Grande do Sul,2011,,,,,
Algodao herbaceo (em caroco),Rio Grande do Sul,2012,,,,,
Algodao herbaceo (em caroco),Rio Grande do Sul,2013,,,,,
Algodao herbaceo (em caroco),Rio Grande do Sul,2014,,,,,
Algodao herbaceo (em caroco),Rio Grande do Sul,2015,,,,,
Algodao herbaceo (em caroco),Rio Grande do Sul,2016,,,,,
Algodao herbaceo (em caroco),Rio Grande do Sul,2017,,,,,
Algodao herbaceo (em caroco),Rio Grande do Sul,2018,,,,,
Algodao herbaceo (em caroco),Rio Grande do Sul,2019,,,,,
Algodao herbaceo (em caroco),Rio Grande do Sul,2020,,,,,
Algodao herbaceo (em caroco),Rio Grande do Sul,2021,,,,,
Algodao herbaceo (em caroco),Rio Grande do Sul,2022,,,,,
Algodao herbaceo (em caroco),Rio Grande do Sul,2023,,,,,
Algodao herbaceo (em caroco),Rio Grande do Sul,2024,,,,,
Algodao herbaceo (em caroco),Rondônia,2000,1609,1609,1448,899,666
Algodao herbaceo (em caroco),Rondônia,2001,675,675,758,1122,379
Algodao herbaceo (em caroco),Rondônia,2002,,,,,
Algodao herbaceo (em caroco),Rondônia,2003,,,,,
Algodao herbaceo (em caroco),Rondônia,2004,,,,,
Algodao herbaceo (em caroco),Rondônia,2005,,,,,
Algodao herbaceo (em caroco),Rondônia,2006,,,,,
Algodao herbaceo (em caroco),Rondônia,2007,,,,,
Algodao herbaceo (em caroco),Rondônia,2008,,,,,
Algodao herbaceo (em caroco),Rondônia,2009,,,,,
Algodao herbaceo (em caroco),Rondônia,2010,,,,,
Algodao herbaceo (em caroco),Rondônia,2011,,,,,
Algodao herbaceo (em caroco),Rondônia,2012,,,,,
Algodao herbaceo (em caroco),Rondônia,2013,,,,,
Algodao herbaceo (em caroco),Rondônia,2014,,,,,
Algodao herbaceo (em caroco),Rondônia,2015,,,,,
Algodao herbaceo (em caroco),Rondônia,2016,273,350,1456,5333,747
Algodao herbaceo (em caroco),Rondônia,2017,,,,,
Algodao herbaceo (em caroco),Rondônia,2018,,,,,
Algodao herbaceo (em caroco),Rondônia,2019,,,,,
Algodao herbaceo (em caroco),Rondônia,2020,,,,,
Algodao herbaceo (em caroco),Rondônia,2021,,,,,
Algodao herbaceo (em caroco),Rondônia,2022,10050,10050,43890,4367,262243
Algodao herbaceo (em caroco),Rondônia,2023,10687,10687,48000,4491,288000
Algodao herbaceo (em caroco),Rondônia,2024,9862,9862,40671,4124,214743
Algodao herbaceo (em caroco),Roraima,2000,,,,,
Algodao herbaceo (em caroco),Roraima,2001,,,,,
Algodao herbaceo (em caroco),Roraima,2002,,,,,
Algodao herbaceo (em caroco),Roraima,2003,,,,,
Algodao herbaceo (em caroco),Roraima,2004,,,,,
Algodao herbaceo (em caroco),Roraima,2005,,,,,
Algodao herbaceo (em caroco),Roraima,2006,,,,,
Algodao herbaceo (em caroco),Roraima,2007,,,,,
Algodao herbaceo (em caroco),Roraima,2008,,,,,
Algodao herbaceo (em caroco),Roraima,2009,,,,,
Algodao herbaceo (em caroco),Roraima,2010,,,,,
Algodao herbaceo (em caroco),Roraima,2011,,,,,
Algodao herbaceo (em caroco),Roraima,2012,,,,,
Algodao herbaceo (em caroco),Roraima,2013,,,,,
Algodao herbaceo (em caroco),Roraima,2014,,,,,
Algodao herbaceo (em caroco),Roraima,2015,900,900,1215,1350,6966
Algodao herbaceo (em caroco),Roraima,2016,900,900,1215,1350,6966
Algodao herbaceo (em caroco),Roraima,2017,2500,2500,10500,4200,57635
Algodao herbaceo (em caroco),Roraima,2018,,,,,
Algodao herbaceo (em caroco),Roraima,2019,,,,,
Algodao herbaceo (em caroco),Roraima,2020,,,,,
Algodao herbaceo (em caroco),Roraima,2021,,,,,
Algodao herbaceo (em caroco),Roraima,2022,,,,,
Algodao herbaceo (em caroco),Roraima,2023,,,,,
Algodao herbaceo (em caroco),Roraima,2024,,,,,
Algodao herbaceo (em caroco),Santa Catarina,2000,,,,,
Algodao herbaceo (em caroco),Santa Catarina,2001,,,,,
Algodao herbaceo (em caroco),Santa Catarina,2002,,,,,
Algodao herbaceo (em caroco),Santa Catarina,2003,,,,,
Algodao herbaceo (em caroco),Santa Catarina,2004,,,,,
Algodao herbaceo (em caroco),Santa Catarina,2005,,,,,
Algodao herbaceo (em caroco),Santa Catarina,2006,,,,,
Algodao herbaceo (em caroco),Santa Catarina,2007,,,,,
Algodao herbaceo (em caroco),Santa Catarina,2008,,,,,
Algodao herbaceo (em caroco),Santa Catarina,2009,,,,,
Algodao herbaceo (em caroco),Santa Catarina,2010,,,,,
Algodao herbaceo (em caroco),Santa Catarina,2011,,,,,
Algodao herbaceo (em caroco),Santa Catarina,2012,,,,,
Algodao herbaceo (em caroco),Santa Catarina,2013,,,,,
Algodao herbaceo (em caroco),Santa Catarina,2014,,,,,
Algodao herbaceo (em caroco),Santa Catarina,2015,,,,,
Algodao herbaceo (em caroco),Santa Catarina,2016,,,,,
Algodao herbaceo (em caroco),Santa Catarina,2017,,,,,
Algodao herbaceo (em caroco),Santa Catarina,2018,,,,,
Algodao herbaceo (em caroco),Santa Catarina,2019,,,,,
Algodao herbaceo (em caroco),Santa Catarina,2020,,,,,
Algodao herbaceo (em caroco),Santa Catarina,2021,,,,,
Algodao herbaceo (em caroco),Santa Catarina,2022,,,,,
Algodao herbaceo (em caroco),Santa Catarina,2023,,,,,
Algodao herbaceo (em caroco),Santa Catarina,2024,,,,,
Algodao herbaceo (em caroco),São Paulo,2000,65770,65770,148230,2253,94867
Algodao herbaceo (em caroco),São Paulo,2001,67609,67609,166219,2458,102152
Algodao herbaceo (em caroco),São Paulo,2002,63030,63030,154200,2446,114708
Algodao herbaceo (em caroco),São Paulo,2003,64640,64640,167000,2583,198421
Algodao herbaceo (em caroco),São Paulo,2004,86500,86500,224700,2597,296352
Algodao herbaceo (em caroco),São Paulo,2005,108310,108310,231330,2135,199070
Algodao herbaceo (em caroco),São Paulo,2006,55400,55400,144370,2605,125949
Algodao herbaceo (em caroco),São Paulo,2007,41519,41519,118101,2844,132286
Algodao herbaceo (em caroco),São Paulo,2008,16724,16724,55573,3322,49215
Algodao herbaceo (em caroco),São Paulo,2009,13554,13725,37278,2750,68951
Algodao herbaceo (em caroco),São Paulo,2010,12503,12503,29658,2372,32077
Algodao herbaceo (em caroco),São Paulo,2011,15043,15043,39865,2650,74754
Algodao herbaceo (em caroco),São Paulo,2012,17555,17555,55853,3182,97079
Algodao herbaceo (em caroco),São Paulo,2013,14010,14010,48345,3451,66864
Algodao herbaceo (em caroco),São Paulo,2014,11797,11797,40738,3453,55617
Algodao herbaceo (em caroco),São Paulo,2015,4355,4355,14268,3276,22580
Algodao herbaceo (em caroco),São Paulo,2016,4893,4893,15246,3116,23941
Algodao herbaceo (em caroco),São Paulo,2017,4439,4439,13985,3150,42977
Algodao herbaceo (em caroco),São Paulo,2018,5797,5797,21302,3675,76262
Algodao herbaceo (em caroco),São Paulo,2019,13582,13839,47779,3518,217606
Algodao herbaceo (em caroco),São Paulo,2020,12633,12633,46273,3663,206391
Algodao herbaceo (em caroco),São Paulo,2021,5767,5767,19110,3314,76292
Algodao herbaceo (em caroco),São Paulo,2022,10637,10637,37288,3505,189908
Algodao herbaceo (em caroco),São Paulo,2023,11177,11177,39496,3534,135195
Algodao herbaceo (em caroco),São Paulo,2024,9001,9001,31846,3538,110474
Algodao herbaceo (em caroco),Sergipe,2000,,300,,,0
Algodao herbaceo (em caroco),Sergipe,2001,,,,,
Algodao herbaceo (em caroco),Sergipe,2002,,,,,
Algodao herbaceo (em caroco),Sergipe,2003,,,,,
Algodao herbaceo (em caroco),Sergipe,2004,,,,,
Algodao herbaceo (em caroco),Sergipe,2005,,,,,
Algodao herbaceo (em caroco),Sergipe,2006,,,,,
Algodao herbaceo (em caroco),Sergipe,2007,,,,,
Algodao herbaceo (em caroco),Sergipe,2008,,,,,
Algodao herbaceo (em caroco),Sergipe,2009,,,,,
Algodao herbaceo (em caroco),Sergipe,2010,,,,,
Algodao herbaceo (em caroco),Sergipe,2011,,,,,
Algodao herbaceo (em caroco),Sergipe,2012,35,35,26,743,49
Algodao herbaceo (em caroco),Sergipe,2013,45,45,101,2244,222
Algodao herbaceo (em caroco),Sergipe,2014,45,45,101,2244,162
Algodao herbaceo (em caroco),Sergipe,2015,,,,,
Algodao herbaceo (em caroco),Sergipe,2016,,,,,
Algodao herbaceo (em caroco),Sergipe,2017,,,,,
Algodao herbaceo (em caroco),Sergipe,2018,,,,,
Algodao herbaceo (em caroco),Sergipe,2019,55,55,186,3382,279
Algodao herbaceo (em caroco),Sergipe,2020,,,,,
Algodao herbaceo (em caroco),Sergipe,2021,,,,,
Algodao herbaceo (em caroco),Sergipe,2022,,,,,
Algodao herbaceo (em caroco),Sergipe,2023,,,,,
Algodao herbaceo (em caroco),Sergipe,2024,,,,,
Algodao herbaceo (em caroco),Tocantins,2000,,,,,
Algodao herbaceo (em caroco),Tocantins,2001,200,200,300,1500,210
Algodao herbaceo (em caroco),Tocantins,2002,270,270,418,1548,293
Algodao herbaceo (em caroco),Tocantins,2003,3450,3450,7830,2269,10219
Algodao herbaceo (em caroco),Tocantins,2004,3251,3251,7607,2339,5471
Algodao herbaceo (em caroco),Tocantins,2005,1237,1237,2720,2198,2538
Algodao herbaceo (em caroco),Tocantins,2006,310,310,920,2967,813
Algodao herbaceo (em caroco),Tocantins,2007,715,715,2130,2979,2025
Algodao herbaceo (em caroco),Tocantins,2008,2145,2145,6696,3121,6304
Algodao herbaceo (em caroco),Tocantins,2009,3750,3750,11558,3082,13870
Algodao herbaceo (em caroco),Tocantins,2010,4200,4200,14408,3430,18488
Algodao herbaceo (em caroco),Tocantins,2011,5550,5550,18653,3361,26846
Algodao herbaceo (em caroco),Tocantins,2012,7500,7500,22318,2976,31245
Algodao herbaceo (em caroco),Tocantins,2013,5950,5950,15242,2562,21339
Algodao herbaceo (em caroco),Tocantins,2014,4760,5220,18556,3898,47413
Algodao herbaceo (em caroco),Tocantins,2015,3403,3403,12903,3792,18489
Algodao herbaceo (em caroco),Tocantins,2016,3980,3980,7276,1828,6692
Algodao herbaceo (em caroco),Tocantins,2017,3620,3620,12520,3459,18844
Algodao herbaceo (em caroco),Tocantins,2018,2000,2000,8000,4000,12400
Algodao herbaceo (em caroco),Tocantins,2019,3859,3859,12709,3293,63991
Algodao herbaceo (em caroco),Tocantins,2020,5725,5725,19393,3387,119899
Algodao herbaceo (em caroco),Tocantins,2021,1521,1521,6069,3990,20321
Algodao herbaceo (em caroco),Tocantins,2022,5485,5485,20737,3781,40224
Algodao herbaceo (em caroco),Tocantins,2023,7115,7115,24967,3509,53581
Algodao herbaceo (em caroco),Tocantins,2024,8499,8499,29892,3517,45291
Soja (em grao),Acre,2000,,,,,
Soja (em grao),Acre,2001,,,,,
Soja (em grao),Acre,2002,,,,,
Soja (em grao),Acre,2003,,,,,
Soja (em grao),Acre,2004,,,,,
Soja (em grao),Acre,2005,55,55,114,2072,58
Soja (em grao),Acre,2006,20,20,24,1200,12
Soja (em grao),Acre,2007,100,100,300,3000,141
Soja (em grao),Acre,2008,50,50,150,3000,108
Soja (em grao),Acre,2009,50,50,165,3300,116
Soja (em grao),Acre,2010,100,100,330,3300,219
Soja (em grao),Acre,2011,85,85,282,3318,197
Soja (em grao),Acre,2012,,,,,
Soja (em grao),Acre,2013,57,60,154,2702,129
Soja (em grao),Acre,2014,400,400,1095,2738,926
Soja (em grao),Acre,2015,,,,,
Soja (em grao),Acre,2016,100,100,150,1500,195
Soja (em grao),Acre,2017,127,127,261,2055,277
Soja (em grao),Acre,2018,480,480,1410,2938,1739
Soja (em grao),Acre,2019,1590,1660,5051,3177,6360
Soja (em grao),Acre,2020,3280,3280,10380,3165,14485
Soja (em grao),Acre,2021,5985,6185,20156,3368,51934
Soja (em grao),Acre,2022,6570,6570,22667,3450,66396
Soja (em grao),Acre,2023,12010,12010,45732,3808,99681
Soja (em grao),Acre,2024,17550,17578,60554,3450,117790
Soja (em grao),Alagoas,2000,,,,,
Soja (em grao),Alagoas,2001,,,,,
Soja (em grao),Alagoas,2002,,,,,
Soja (em grao),Alagoas,2003,,,,,
Soja (em grao),Alagoas,2004,201,201,471,2343,311
Soja (em grao),Alagoas,2005,330,330,984,2981,653
Soja (em grao),Alagoas,2006,120,120,264,2200,132
Soja (em grao),Alagoas,2007,50,50,120,2400,84
Soja (em grao),Alagoas,2008,180,180,432,2400,302
Soja (em grao),Alagoas,2009,68,68,164,2411,139
Soja (em grao),Alagoas,2010,,,,,
Soja (em grao),Alagoas,2011,,,,,
Soja (em grao),Alagoas,2012,,,,,
Soja (em grao),Alagoas,2013,,,,,
Soja (em grao),Alagoas,2014,,,,,
Soja (em grao),Alagoas,2015,278,278,550,1978,738
Soja (em grao),Alagoas,2016,343,343,1043,3041,1601
Soja (em grao),Alagoas,2017,445,445,1240,2787,1312
Soja (em grao),Alagoas,2018,1066,1066,2475,2322,2733
Soja (em grao),Alagoas,2019,3141,3141,10363,3299,14179
Soja (em grao),Alagoas,2020,1224,1224,4640,3791,7315
Soja (em grao),Alagoas,2021,3312,3312,9391,2835,20546
Soja (em grao),Alagoas,2022,3416,3686,11242,3291,20962
Soja (em grao),Alagoas,2023,5796,5796,18289,3155,39840
Soja (em grao),Alagoas,2024,5054,5054,17656,3493,35327
Soja (em grao),Amapá,2000,,,,,
Soja (em grao),Amapá,2001,,,,,
Soja (em grao),Amapá,2002,,,,,
Soja (em grao),Amapá,2003,,,,,
Soja (em grao),Amapá,2004,,,,,
Soja (em grao),Amapá,2005,,,,,
Soja (em grao),Amapá,2006,,,,,
Soja (em grao),Amapá,2007,,,,,
Soja (em grao),Amapá,2008,,,,,
Soja (em grao),Amapá,2009,,,,,
Soja (em grao),Amapá,2010,,,,,
Soja (em grao),Amapá,2011,,,,,
Soja (em grao),Amapá,2012,,,,,
Soja (em grao),Amapá,2013,4528,4550,12906,2850,11314
Soja (em grao),Amapá,2014,15825,17220,40792,2578,36136
Soja (em grao),Amapá,2015,11125,11365,29370,2640,23952
Soja (em grao),Amapá,2016,14860,15442,42351,2850,37183
Soja (em grao),Amapá,2017,18900,19050,54400,2878,48491
Soja (em grao),Amapá,2018,18378,18800,57239,3115,52537
Soja (em grao),Amapá,2019,18493,19476,46862,2534,47984
Soja (em grao),Amapá,2020,20050,20300,47818,2385,44468
Soja (em grao),Amapá,2021,6700,6715,17956,2680,17941
Soja (em grao),Amapá,2022,6500,6504,18035,2775,19622
Soja (em grao),Amapá,2023,7350,7350,19536,2658,23264
Soja (em grao),Amapá,2024,7500,7500,20300,2707,24721
Soja (em grao),Amazonas,2000,1036,1060,1428,1378,359
Soja (em grao),Amazonas,2001,1138,1162,1530,1344,390
Soja (em grao),Amazonas,2002,1507,1717,3189,2116,812
Soja (em grao),Amazonas,2003,2256,2306,5211,2309,1325
Soja (em grao),Amazonas,2004,2306,2306,5461,2368,1365
Soja (em grao),Amazonas,2005,2206,2256,5136,2328,1329
Soja (em grao),Amazonas,2006,2208,2258,5138,2326,1329
Soja (em grao),Amazonas,2007,646,806,1931,2989,2882
Soja (em grao),Amazonas,2008,200,200,600,3000,960
Soja (em grao),Amazonas,2009,204,204,612,3000,979
Soja (em grao),Amazonas,2010,180,180,540,3000,324
Soja (em grao),Amazonas,2011,180,180,540,3000,324
Soja (em grao),Amazonas,2012,220,220,660,3000,504
Soja (em grao),Amazonas,2013,20,20,60,3000,46
Soja (em grao),Amazonas,2014,,,,,
Soja (em grao),Amazonas,2015,,,,,
Soja (em grao),Amazonas,2016,,,,,
Soja (em grao),Amazonas,2017,,,,,
Soja (em grao),Amazonas,2018,,,,,
Soja (em grao),Amazonas,2019,2500,2500,7500,3000,9000
Soja (em grao),Amazonas,2020,2700,2700,8000,2963,10000
Soja (em grao),Amazonas,2021,3000,3000,10000,3333,13000
Soja (em grao),Amazonas,2022,5900,5900,13740,2329,34350
Soja (em grao),Amazonas,2023,8237,8237,23455,2848,38294
Soja (em grao),Amazonas,2024,24472,24472,70057,2863,101583
Soja (em grao),Bahia,2000,628356,628356,1508115,2400,405903
Soja (em grao),Bahia,2001,690000,690000,1407600,2040,436003
Soja (em grao),Bahia,2002,800000,800000,1464000,1830,643611
Soja (em grao),Bahia,2003,850000,850000,1555500,1830,948432
Soja (em grao),Bahia,2004,821270,821270,2365290,2880,1414673
Soja (em grao),Bahia,2005,870000,870000,2401872,2760,1058296
Soja (em grao),Bahia,2006,872600,872600,1991400,2282,712002
Soja (em grao),Bahia,2007,851000,851000,2298000,2700,1210763
Soja (em grao),Bahia,2008,905018,905018,2747634,3035,1869285
Soja (em grao),Bahia,2009,950920,950920,2426298,2551,1626024
Soja (em grao),Bahia,2010,1017250,1017250,3112929,3060,1650571
Soja (em grao),Bahia,2011,1045240,1045240,3512568,3361,2382224
Soja (em grao),Bahia,2012,1112627,1112627,3212789,2888,2682367
Soja (em grao),Bahia,2013,1211267,1211267,2765533,2283,2301354
Soja (em grao),Bahia,2014,1276369,1276369,3206364,2512,3097332
Soja (em grao),Bahia,2015,1440113,1440135,4513633,3134,4452439
Soja (em grao),Bahia,2016,1536678,1536678,3257119,2120,3492057
Soja (em grao),Bahia,2017,1583864,1583864,5143899,3248,5326260
Soja (em grao),Bahia,2018,1603203,1603203,6310780,3936,7102383
Soja (em grao),Bahia,2019,1585842,1585842,5329694,3361,5925745
Soja (em grao),Bahia,2020,1622475,1622475,6078010,3746,10295251
Soja (em grao),Bahia,2021,1699965,1699965,6839555,4023,17515830
Soja (em grao),Bahia,2022,1774655,1774655,6958197,3921,20784173
Soja (em grao),Bahia,2023,1923627,1923627,7776560,4043,17039054
Soja (em grao),Bahia,2024,1969339,1969339,7668295,3894,14432772
Soja (em grao),Ceará,2000,,,,,
Soja (em grao),Ceará,2001,,,,,
Soja (em grao),Ceará,2002,117,117,294,2512,206
Soja (em grao),Ceará,2003,650,650,1560,2400,1170
Soja (em grao),Ceará,2004,350,350,1113,3180,735
Soja (em grao),Ceará,2005,210,210,630,3000,630
Soja (em grao),Ceará,2006,300,300,1026,3420,701
Soja (em grao),Ceará,2007,350,350,1086,3102,1140
Soja (em grao),Ceará,2008,512,512,1665,3251,812
Soja (em grao),Ceará,2009,975,975,3315,3400,6689
Soja (em grao),Ceará,2010,1020,1020,3417,3350,2904
Soja (em grao),Ceará,2011,,,,,
Soja (em grao),Ceará,2012,1145,1145,3854,3366,3815
Soja (em grao),Ceará,2013,,,,,
Soja (em grao),Ceará,2014,,,,,
Soja (em grao),Ceará,2015,,,,,
Soja (em grao),Ceará,2016,,,,,
Soja (em grao),Ceará,2017,,,,,
Soja (em grao),Ceará,2018,80,80,190,2375,222
Soja (em grao),Ceará,2019,,,,,
Soja (em grao),Ceará,2020,450,450,1350,3000,2295
Soja (em grao),Ceará,2021,1414,1414,4528,3202,11750
Soja (em grao),Ceará,2022,2220,2220,7740,3486,21982
Soja (em grao),Ceará,2023,4944,4944,19113,3866,45776
Soja (em grao),Ceará,2024,3546,3546,11822,3334,25110
Soja (em grao),Distrito Federal,2000,33582,33582,92921,2766,25434
Soja (em grao),Distrito Federal,2001,34779,34779,71389,2052,23558
Soja (em grao),Distrito Federal,2002,37747,37747,103104,2731,49593
Soja (em grao),Distrito Federal,2003,43210,43210,119691,2769,68344
Soja (em grao),Distrito Federal,2004,50383,50383,134523,2670,94166
Soja (em grao),Distrito Federal,2005,59020,59020,188746,3198,78237
Soja (em grao),Distrito Federal,2006,53980,53980,145746,2700,57812
Soja (em grao),Distrito Federal,2007,52606,52606,142720,2712,68791
Soja (em grao),Distrito Federal,2008,48712,48712,153443,3150,108131
Soja (em grao),Distrito Federal,2009,48915,48915,155454,3178,105398
Soja (em grao),Distrito Federal,2010,55402,55402,177065,3196,91365
Soja (em grao),Distrito Federal,2011,54854,54854,184047,3355,127499
Soja (em grao),Distrito Federal,2012,55050,55050,176160,3200,148855
Soja (em grao),Distrito Federal,2013,52500,52500,152250,2900,155295
Soja (em grao),Distrito Federal,2014,72000,72000,216000,3000,217728
Soja (em grao),Distrito Federal,2015,68862,68862,180832,2626,171790
Soja (em grao),Distrito Federal,2016,70875,70875,233888,3300,279730
Soja (em grao),Distrito Federal,2017,70000,70000,241500,3450,249549
Soja (em grao),Distrito Federal,2018,71500,71500,253110,3540,326512
Soja (em grao),Distrito Federal,2019,75000,75000,261000,3480,279053
Soja (em grao),Distrito Federal,2020,74500,74500,290550,3900,414516
Soja (em grao),Distrito Federal,2021,80000,80000,312000,3900,737412
Soja (em grao),Distrito Federal,2022,84200,84200,303120,3600,915926
Soja (em grao),Distrito Federal,2023,85000,85000,306000,3600,604858
Soja (em grao),Distrito Federal,2024,85000,85000,290700,3420,576554
Soja (em grao),Espírito Santo,2000,,,,,
Soja (em grao),Espírito Santo,2001,,,,,
Soja (em grao),Espírito Santo,2002,,,,,
Soja (em grao),Espírito Santo,2003,,,,,
Soja (em grao),Espírito Santo,2004,,,,,
Soja (em grao),Espírito Santo,2005,,,,,
Soja (em grao),Espírito Santo,2006,,,,,
Soja (em grao),Espírito Santo,2007,,,,,
Soja (em grao),Espírito Santo,2008,,,,,
Soja (em grao),Espírito Santo,2009,,,,,
Soja (em grao),Espírito Santo,2010,,,,,
Soja (em grao),Espírito Santo,2011,,,,,
Soja (em grao),Espírito Santo,2012,,,,,
Soja (em grao),Espírito Santo,2013,,,,,
Soja (em grao),Espírito Santo,2014,,,,,
Soja (em grao),Espírito Santo,2015,,,,,
Soja (em grao),Espírito Santo,2016,,,,,
Soja (em grao),Espírito Santo,2017,,,,,
Soja (em grao),Espírito Santo,2018,,,,,
Soja (em grao),Espírito Santo,2019,,,,,
Soja (em grao),Espírito Santo,2020,,,,,
Soja (em grao),Espírito Santo,2021,,,,,
Soja (em grao),Espírito Santo,2022,80,80,200,2500,563
Soja (em grao),Espírito Santo,2023,1000,1000,3780,3780,5597
Soja (em grao),Espírito Santo,2024,504,504,1509,2994,2951
Soja (em grao),Goiás,2000,1491066,1491066,4092934,2744,1043232
Soja (em grao),Goiás,2001,1538988,1538988,4052169,2633,1179416
Soja (em grao),Goiás,2002,1902950,1903000,5405589,2840,2593472
Soja (em grao),Goiás,2003,2176720,2176720,6319213,2903,3101457
Soja (em grao),Goiás,2004,2591084,2591954,6091676,2351,3816606
Soja (em grao),Goiás,2005,2663380,2663646,6983860,2622,2872912
Soja (em grao),Goiás,2006,2492760,2494060,6017719,2414,2114002
Soja (em grao),Goiás,2007,2168441,2169241,5937727,2738,2752269
Soja (em grao),Goiás,2008,2180471,2180571,6604805,3029,4225246
Soja (em grao),Goiás,2009,2315888,2315888,6809187,2940,4450952
Soja (em grao),Goiás,2010,2445600,2445600,7252926,2965,4525399
Soja (em grao),Goiás,2011,2560508,2565608,7703982,3009,5096662
Soja (em grao),Goiás,2012,2669894,2669894,8398891,3146,6240152
Soja (em grao),Goiás,2013,2947887,2947957,8913069,3024,7243781
Soja (em grao),Goiás,2014,3176995,3176995,8938560,2814,8402280
Soja (em grao),Goiás,2015,3260025,3263118,8606210,2640,8114687
Soja (em grao),Goiás,2016,3310548,3322522,10239473,3093,10758388
Soja (em grao),Goiás,2017,3331608,3332208,11372539,3414,11646649
Soja (em grao),Goiás,2018,3314668,3316568,11476946,3462,12197344
Soja (em grao),Goiás,2019,3400555,3402810,11080442,3258,12522524
Soja (em grao),Goiás,2020,3577700,3577700,12849800,3592,16486647
Soja (em grao),Goiás,2021,3857007,3857007,13659826,3542,34127548
Soja (em grao),Goiás,2022,4121969,4121969,15216144,3691,42982575
Soja (em grao),Goiás,2023,4560730,4560730,17405060,3816,38845072
Soja (em grao),Goiás,2024,4940502,4942088,16973882,3436,30079916
Soja (em grao),Maranhão,2000,178716,178716,454781,2544,113574
Soja (em grao),Maranhão,2001,213436,213436,491083,2300,134016
Soja (em grao),Maranhão,2002,238173,238173,561718,2358,200343
Soja (em grao),Maranhão,2003,275252,275252,660078,2398,397205
Soja (em grao),Maranhão,2004,340403,340403,903998,2655,425918
Soja (em grao),Maranhão,2005,372074,372074,996909,2679,475360
Soja (em grao),Maranhão,2006,382886,383284,931142,2431,304820
Soja (em grao),Maranhão,2007,384474,384474,1125094,2926,336303
Soja (em grao),Maranhão,2008,421520,421520,1262665,2995,944178
Soja (em grao),Maranhão,2009,409402,409402,1211085,2958,811428
Soja (em grao),Maranhão,2010,494236,495756,1322363,2675,928342
Soja (em grao),Maranhão,2011,530539,530539,1571418,2962,1035441
Soja (em grao),Maranhão,2012,556178,556178,1640183,2949,1220199
Soja (em grao),Maranhão,2013,563366,564546,1581687,2808,1321389
Soja (em grao),Maranhão,2014,677540,677540,1875792,2769,1734291
Soja (em grao),Maranhão,2015,761225,761225,2099507,2758,1949912
Soja (em grao),Maranhão,2016,783604,783654,1242772,1586,1314891
Soja (em grao),Maranhão,2017,817719,817719,2331688,2851,2322178
Soja (em grao),Maranhão,2018,926656,926656,2751206,2969,3152954
Soja (em grao),Maranhão,2019,977598,977598,2850084,2915,3068163
Soja (em grao),Maranhão,2020,960900,960900,3056550,3181,5204529
Soja (em grao),Maranhão,2021,1023541,1023541,3240985,3166,7867928
Soja (em grao),Maranhão,2022,1099871,1099871,3537377,3216,10273368
Soja (em grao),Maranhão,2023,1190047,1190047,3821792,3211,7891914
Soja (em grao),Maranhão,2024,1302915,1302915,4073259,3126,8338428
Soja (em grao),Mato Grosso,2000,2906448,2906648,8774470,3018,2123434
Soja (em grao),Mato Grosso,2001,3121353,3121408,9533286,3054,2261184
Soja (em grao),Mato Grosso,2002,3818231,3818231,11684885,3060,4043138
Soja (em grao),Mato Grosso,2003,4413271,4414496,12965983,2937,6717224
Soja (em grao),Mato Grosso,2004,5263428,5279928,14517912,2758,9620607
Soja (em grao),Mato Grosso,2005,6106654,6121724,17761444,2908,6678093
Soja (em grao),Mato Grosso,2006,5811907,5822867,15594221,2683,4442820
Soja (em grao),Mato Grosso,2007,5075079,5075079,15275087,3009,5877092
Soja (em grao),Mato Grosso,2008,5659149,5659149,17802976,3145,10010093
Soja (em grao),Mato Grosso,2009,5831468,5831468,17962819,3080,10515367
Soja (em grao),Mato Grosso,2010,6226452,6227044,18787783,3017,8733267
Soja (em grao),Mato Grosso,2011,6454331,6455871,20800544,3223,13240572
Soja (em grao),Mato Grosso,2012,6980690,6980690,21841292,3129,14932755
Soja (em grao),Mato Grosso,2013,7913687,7931905,23416774,2959,17865802
Soja (em grao),Mato Grosso,2014,8613593,8628608,26495884,3076,23665314
Soja (em grao),Mato Grosso,2015,8966679,8983683,27850954,3106,23876689
Soja (em grao),Mato Grosso,2016,9102722,9147863,26277303,2887,27487121
Soja (em grao),Mato Grosso,2017,9264356,9287302,30479870,3290,27793060
Soja (em grao),Mato Grosso,2018,9437849,9437888,31608562,3349,29976534
Soja (em grao),Mato Grosso,2019,9724149,9724213,32242463,3316,32764470
Soja (em grao),Mato Grosso,2020,9989649,9989649,35070044,3511,43469342
Soja (em grao),Mato Grosso,2021,10450212,10461712,35336979,3381,88100858
Soja (em grao),Mato Grosso,2022,10924622,10925226,38025387,3481,105106390
Soja (em grao),Mato Grosso,2023,11981285,11981285,44425783,3708,98914301
Soja (em grao),Mato Grosso,2024,12351963,12383077,38396410,3109,63847218
Soja (em grao),Mato Grosso do Sul,2000,1099359,1106301,2486120,2261,629147
Soja (em grao),Mato Grosso do Sul,2001,1064726,1065026,3115030,2925,874131
Soja (em grao),Mato Grosso do Sul,2002,1195544,1195744,3267084,2732,1312913
Soja (em grao),Mato Grosso do Sul,2003,1411307,1412307,4090892,2898,2300807
Soja (em grao),Mato Grosso do Sul,2004,1796433,1812006,3282705,1827,2069371
Soja (em grao),Mato Grosso do Sul,2005,2025155,2038176,3718514,1836,1615557
Soja (em grao),Mato Grosso do Sul,2006,1903852,1907688,4153542,2181,1462176
Soja (em grao),Mato Grosso do Sul,2007,1718031,1718031,4846031,2820,2133975
Soja (em grao),Mato Grosso do Sul,2008,1731376,1732031,4570771,2639,2846807
Soja (em grao),Mato Grosso do Sul,2009,1708723,1717436,4046223,2367,2631158
Soja (em grao),Mato Grosso do Sul,2010,1732297,1732492,5340462,3082,2629070
Soja (em grao),Mato Grosso do Sul,2011,1738091,1761910,5079581,2923,3317554
Soja (em grao),Mato Grosso do Sul,2012,1812968,1814136,4594359,2534,3356334
Soja (em grao),Mato Grosso do Sul,2013,1986894,1987296,5780519,2909,4778658
Soja (em grao),Mato Grosso do Sul,2014,2157824,2158704,6339386,2938,6064054
Soja (em grao),Mato Grosso do Sul,2015,2350817,2350927,7305608,3108,6589584
Soja (em grao),Mato Grosso do Sul,2016,2413322,2448330,7389990,3062,7536521
Soja (em grao),Mato Grosso do Sul,2017,2620622,2620857,9101890,3473,8190630
Soja (em grao),Mato Grosso do Sul,2018,2713062,2713062,9869382,3638,11121765
Soja (em grao),Mato Grosso do Sul,2019,2881577,2882107,8698011,3018,9583715
Soja (em grao),Mato Grosso do Sul,2020,3121490,3121522,10939032,3504,14296253
Soja (em grao),Mato Grosso do Sul,2021,3375260,3377042,12226648,3622,30024860
Soja (em grao),Mato Grosso do Sul,2022,3653429,3694468,8538611,2337,24760151
Soja (em grao),Mato Grosso do Sul,2023,3884468,3884468,14193250,3654,33959597
Soja (em grao),Mato Grosso do Sul,2024,4039160,4043539,11303640,2799,19232215
Soja (em grao),Minas Gerais,2000,600054,600054,1438829,2397,387182
Soja (em grao),Minas Gerais,2001,632418,632418,1390635,2198,415761
Soja (em grao),Minas Gerais,2002,717679,717779,1951342,2718,701458
Soja (em grao),Minas Gerais,2003,885407,885407,2335446,2637,1279722
Soja (em grao),Minas Gerais,2004,1086353,1096423,2660714,2449,1624369
Soja (em grao),Minas Gerais,2005,1118867,1118867,2937243,2625,1351830
Soja (em grao),Minas Gerais,2006,1005113,1009366,2453975,2441,964585
Soja (em grao),Minas Gerais,2007,884982,885732,2417996,2732,1194463
Soja (em grao),Minas Gerais,2008,866222,870602,2566350,2962,1794539
Soja (em grao),Minas Gerais,2009,928708,929121,2751431,2962,2006952
Soja (em grao),Minas Gerais,2010,1020611,1020751,2902464,2843,1703166
Soja (em grao),Minas Gerais,2011,1014429,1019990,2940857,2899,2143893
Soja (em grao),Minas Gerais,2012,1028341,1028421,3073499,2989,2513285
Soja (em grao),Minas Gerais,2013,1151010,1153720,3375690,2933,2946283
Soja (em grao),Minas Gerais,2014,1236695,1244575,3345549,2705,3453701
Soja (em grao),Minas Gerais,2015,1327581,1328641,3524055,2654,3503340
Soja (em grao),Minas Gerais,2016,1458914,1472224,4747494,3254,5347630
Soja (em grao),Minas Gerais,2017,1533592,1542788,5318554,3468,5718101
Soja (em grao),Minas Gerais,2018,1509510,1509510,5438116,3603,6007663
Soja (em grao),Minas Gerais,2019,1620786,1627741,5189781,3202,6003347
Soja (em grao),Minas Gerais,2020,1695672,1695702,6218740,3667,8476006
Soja (em grao),Minas Gerais,2021,1935060,1935260,6984227,3609,18100446
Soja (em grao),Minas Gerais,2022,2022682,2022682,7639648,3777,22759132
Soja (em grao),Minas Gerais,2023,2214362,2214362,8459161,3820,21597044
Soja (em grao),Minas Gerais,2024,2273439,2274950,7740542,3405,13653404
Soja (em grao),Pará,2000,1205,2225,2602,2159,725
Soja (em grao),Pará,2001,1005,1005,2291,2279,855
Soja (em grao),Pará,2002,2648,2648,7535,2845,4406
Soja (em grao),Pará,2003,15310,15310,43251,2825,20891
Soja (em grao),Pará,2004,35219,35219,99437,2823,55672
Soja (em grao),Pará,2005,68410,68410,204302,2986,103592
Soja (em grao),Pará,2006,70810,72335,209864,2963,80325
Soja (em grao),Pará,2007,53553,53553,154015,2875,72071
Soja (em grao),Pará,2008,70776,71060,201111,2841,147879
Soja (em grao),Pará,2009,71410,71410,206456,2891,156929
Soja (em grao),Pará,2010,85450,85450,243616,2850,149811
Soja (em grao),Pará,2011,105888,106018,317093,2995,229334
Soja (em grao),Pará,2012,119686,119686,373398,3120,353454
Soja (em grao),Pará,2013,189746,189746,506347,2669,499807
Soja (em grao),Pará,2014,242971,243171,736947,3033,688146
Soja (em grao),Pará,2015,337056,337056,1022677,3034,932225
Soja (em grao),Pará,2016,433813,433813,1304598,3007,1574981
Soja (em grao),Pará,2017,500385,500385,1632115,3262,1568243
Soja (em grao),Pará,2018,557532,557542,1638469,2939,1744033
Soja (em grao),Pará,2019,577764,577764,1781672,3084,1985588
Soja (em grao),Pará,2020,643267,643267,1990794,3095,2823606
Soja (em grao),Pará,2021,753781,753781,2232499,2962,5601633
Soja (em grao),Pará,2022,839560,839560,2574954,3067,7483979
Soja (em grao),Pará,2023,1007539,1007539,3156487,3133,6776976
Soja (em grao),Pará,2024,1192224,1194024,3751973,3147,7307684
Soja (em grao),Paraíba,2000,,,,,
Soja (em grao),Paraíba,2001,,,,,
Soja (em grao),Paraíba,2002,,,,,
Soja (em grao),Paraíba,2003,,,,,
Soja (em grao),Paraíba,2004,,,,,
Soja (em grao),Paraíba,2005,,,,,
Soja (em grao),Paraíba,2006,,,,,
Soja (em grao),Paraíba,2007,,,,,
Soja (em grao),Paraíba,2008,,,,,
Soja (em grao),Paraíba,2009,,,,,
Soja (em grao),Paraíba,2010,,,,,
Soja (em grao),Paraíba,2011,,,,,
Soja (em grao),Paraíba,2012,,,,,
Soja (em grao),Paraíba,2013,,,,,
Soja (em grao),Paraíba,2014,175,350,420,2400,1050
Soja (em grao),Paraíba,2015,,,,,
Soja (em grao),Paraíba,2016,,,,,
Soja (em grao),Paraíba,2017,,,,,
Soja (em grao),Paraíba,2018,,,,,
Soja (em grao),Paraíba,2019,,,,,
Soja (em grao),Paraíba,2020,,,,,
Soja (em grao),Paraíba,2021,,,,,
Soja (em grao),Paraíba,2022,37,37,56,1514,140
Soja (em grao),Paraíba,2023,,,,,
Soja (em grao),Paraíba,2024,,,,,
Soja (em grao),Paraná,2000,2857968,2857968,7188386,2515,1983995
Soja (em grao),Paraná,2001,2818080,2818080,8615187,3057,2532443
Soja (em grao),Paraná,2002,3309789,3309929,9538774,2881,4054797
Soja (em grao),Paraná,2003,3649119,3649119,11009946,3017,6497467
Soja (em grao),Paraná,2004,4011021,4011021,10219005,2547,7235643
Soja (em grao),Paraná,2005,4154667,4154667,9492153,2284,4488285
Soja (em grao),Paraná,2006,3931721,3931721,9362901,2381,3861527
Soja (em grao),Paraná,2007,4007323,4007323,11876790,2963,5801038
Soja (em grao),Paraná,2008,3969113,3969113,11800466,2973,8590104
Soja (em grao),Paraná,2009,4077052,4077052,9408991,2307,6816079
Soja (em grao),Paraná,2010,4479869,4479869,14091829,3145,7689336
Soja (em grao),Paraná,2011,4555312,4555312,15457911,3393,10809412
Soja (em grao),Paraná,2012,4456805,4456805,10937896,2454,8879090
Soja (em grao),Paraná,2013,4761733,4762522,15937620,3347,14627747
Soja (em grao),Paraná,2014,5011004,5011232,14913173,2976,15674239
Soja (em grao),Paraná,2015,5240402,5240402,17229378,3288,16496307
Soja (em grao),Paraná,2016,5450788,5454739,17122294,3141,19050167
Soja (em grao),Paraná,2017,5236903,5237389,19181853,3663,19747940
Soja (em grao),Paraná,2018,5377897,5377897,19035720,3540,21583200
Soja (em grao),Paraná,2019,5406477,5418814,16348364,3024,18983343
Soja (em grao),Paraná,2020,5534843,5534843,20875792,3772,30916470
Soja (em grao),Paraná,2021,5518476,5521183,19205802,3480,48390237
Soja (em grao),Paraná,2022,5652609,5683194,13454457,2380,39146150
Soja (em grao),Paraná,2023,5760969,5762069,21553541,3741,51315618
Soja (em grao),Paraná,2024,5769082,5773424,18689393,3240,34549450
Soja (em grao),Pernambuco,2000,,,,,
Soja (em grao),Pernambuco,2001,,,,,
Soja (em grao),Pernambuco,2002,,,,,
Soja (em grao),Pernambuco,2003,,,,,
Soja (em grao),Pernambuco,2004,,,,,
Soja (em grao),Pernambuco,2005,,,,,
Soja (em grao),Pernambuco,2006,,,,,
Soja (em grao),Pernambuco,2007,,,,,
Soja (em grao),Pernambuco,2008,,,,,
Soja (em grao),Pernambuco,2009,,,,,
Soja (em grao),Pernambuco,2010,,,,,
Soja (em grao),Pernambuco,2011,,,,,
Soja (em grao),Pernambuco,2012,,,,,
Soja (em grao),Pernambuco,2013,,,,,
Soja (em grao),Pernambuco,2014,,,,,
Soja (em grao),Pernambuco,2015,,,,,
Soja (em grao),Pernambuco,2016,,,,,
Soja (em grao),Pernambuco,2017,,,,,
Soja (em grao),Pernambuco,2018,,,,,
Soja (em grao),Pernambuco,2019,,,,,
Soja (em grao),Pernambuco,2020,,,,,
Soja (em grao),Pernambuco,2021,300,300,600,2000,1200
Soja (em grao),Pernambuco,2022,,,,,
Soja (em grao),Pernambuco,2023,100,100,400,4000,664
Soja (em grao),Pernambuco,2024,,,,,
Soja (em grao),Piauí,2000,40004,40004,100963,2523,25562
Soja (em grao),Piauí,2001,61841,62729,128315,2074,38350
Soja (em grao),Piauí,2002,86460,86935,91014,1052,40060
Soja (em grao),Piauí,2003,116613,116613,308225,2643,160917
Soja (em grao),Piauí,2004,155781,159281,388193,2491,245146
Soja (em grao),Piauí,2005,198547,198547,559545,2818,263416
Soja (em grao),Piauí,2006,232009,232009,544086,2345,197920
Soja (em grao),Piauí,2007,217006,219860,484940,2234,198520
Soja (em grao),Piauí,2008,253566,253566,819258,3230,572279
Soja (em grao),Piauí,2009,276672,277272,780580,2821,536754
Soja (em grao),Piauí,2010,343092,343092,868493,2531,442960
Soja (em grao),Piauí,2011,383618,383618,1144033,2982,804604
Soja (em grao),Piauí,2012,444856,444856,1242574,2793,934416
Soja (em grao),Piauí,2013,533114,551561,920950,1727,775148
Soja (em grao),Piauí,2014,626799,626799,1488646,2375,1430915
Soja (em grao),Piauí,2015,666718,668618,1772722,2659,1631254
Soja (em grao),Piauí,2016,561715,563084,644263,1147,743437
Soja (em grao),Piauí,2017,694947,694947,2020195,2907,2199289
Soja (em grao),Piauí,2018,711123,711123,2469650,3473,2842561
Soja (em grao),Piauí,2019,765944,766044,2325951,3037,2542666
Soja (em grao),Piauí,2020,757678,757978,2447620,3230,3473000
Soja (em grao),Piauí,2021,832063,832063,2713998,3262,7131695
Soja (em grao),Piauí,2022,872906,872906,3077485,3526,8628872
Soja (em grao),Piauí,2023,945551,945551,3389142,3584,8103444
Soja (em grao),Piauí,2024,1080496,1080496,3811694,3528,7322801
Soja (em grao),Rio de Janeiro,2000,,,,,
Soja (em grao),Rio de Janeiro,2001,,,,,
Soja (em grao),Rio de Janeiro,2002,,,,,
Soja (em grao),Rio de Janeiro,2003,,,,,
Soja (em grao),Rio de Janeiro,2004,,,,,
Soja (em grao),Rio de Janeiro,2005,,,,,
Soja (em grao),Rio de Janeiro,2006,,,,,
Soja (em grao),Rio de Janeiro,2007,,,,,
Soja (em grao),Rio de Janeiro,2008,,,,,
Soja (em grao),Rio de Janeiro,2009,,,,,
Soja (em grao),Rio de Janeiro,2010,,,,,
Soja (em grao),Rio de Janeiro,2011,,,,,
Soja (em grao),Rio de Janeiro,2012,,,,,
Soja (em grao),Rio de Janeiro,2013,,,,,
Soja (em grao),Rio de Janeiro,2014,,,,,
Soja (em grao),Rio de Janeiro,2015,,,,,
Soja (em grao),Rio de Janeiro,2016,,,,,
Soja (em grao),Rio de Janeiro,2017,,,,,
Soja (em grao),Rio de Janeiro,2018,,,,,
Soja (em grao),Rio de Janeiro,2019,,,,,
Soja (em grao),Rio de Janeiro,2020,,,,,
Soja (em grao),Rio de Janeiro,2021,77,77,324,4208,846
Soja (em grao),Rio de Janeiro,2022,242,242,953,3938,2658
Soja (em grao),Rio de Janeiro,2023,756,756,2577,3409,6219
Soja (em grao),Rio de Janeiro,2024,748,748,2289,3060,4179
Soja (em grao),Rio Grande do Norte,2000,,,,,
Soja (em grao),Rio Grande do Norte,2001,,,,,
Soja (em grao),Rio Grande do Norte,2002,,,,,
Soja (em grao),Rio Grande do Norte,2003,,,,,
Soja (em grao),Rio Grande do Norte,2004,,,,,
Soja (em grao),Rio Grande do Norte,2005,,,,,
Soja (em grao),Rio Grande do Norte,2006,,,,,
Soja (em grao),Rio Grande do Norte,2007,,,,,
Soja (em grao),Rio Grande do Norte,2008,,,,,
Soja (em grao),Rio Grande do Norte,2009,,,,,
Soja (em grao),Rio Grande do Norte,2010,,,,,
Soja (em grao),Rio Grande do Norte,2011,,,,,
Soja (em grao),Rio Grande do Norte,2012,,,,,
Soja (em grao),Rio Grande do Norte,2013,,,,,
Soja (em grao),Rio Grande do Norte,2014,,,,,
Soja (em grao),Rio Grande do Norte,2015,,,,,
Soja (em grao),Rio Grande do Norte,2016,,,,,
Soja (em grao),Rio Grande do Norte,2017,,,,,
Soja (em grao),Rio Grande do Norte,2018,,,,,
Soja (em grao),Rio Grande do Norte,2019,,,,,
Soja (em grao),Rio Grande do Norte,2020,,,,,
Soja (em grao),Rio Grande do Norte,2021,,,,,
Soja (em grao),Rio Grande do Norte,2022,,,,,
Soja (em grao),Rio Grande do Norte,2023,,100,,,
Soja (em grao),Rio Grande do Norte,2024,100,100,240,2400,600
Soja (em grao),Rio Grande do Sul,2000,3001836,3030556,4783895,1593,1385502
Soja (em grao),Rio Grande do Sul,2001,2974513,2976498,6951830,2337,2381513
Soja (em grao),Rio Grande do Sul,2002,3295342,3307252,5610518,1702,2477854
Soja (em grao),Rio Grande do Sul,2003,3591470,3591970,9579297,2667,5434779
Soja (em grao),Rio Grande do Sul,2004,3968530,3984337,5541714,1396,3804582
Soja (em grao),Rio Grande do Sul,2005,3733822,4179272,2444540,654,1161908
Soja (em grao),Rio Grande do Sul,2006,3863726,3868501,7559291,1956,2893470
Soja (em grao),Rio Grande do Sul,2007,3890183,3890903,9929005,2552,4518297
Soja (em grao),Rio Grande do Sul,2008,3803425,3804425,7679939,2019,5496842
Soja (em grao),Rio Grande do Sul,2009,3821936,3823246,8025322,2099,5898631
Soja (em grao),Rio Grande do Sul,2010,4013616,4021778,10480026,2611,6283697
Soja (em grao),Rio Grande do Sul,2011,4074829,4075389,11717548,2876,8105388
Soja (em grao),Rio Grande do Sul,2012,4156095,4269247,5945243,1430,5325671
Soja (em grao),Rio Grande do Sul,2013,4727821,4727833,12756577,2698,11540781
Soja (em grao),Rio Grande do Sul,2014,4986542,4990042,13041720,2615,13870885
Soja (em grao),Rio Grande do Sul,2015,5262520,5263899,15700264,2983,15592941
Soja (em grao),Rio Grande do Sul,2016,5436653,5464084,16209892,2982,18838237
Soja (em grao),Rio Grande do Sul,2017,5537028,5541860,18744186,3385,18189444
Soja (em grao),Rio Grande do Sul,2018,5651100,5709084,17538725,3104,21316916
Soja (em grao),Rio Grande do Sul,2019,5818915,5843533,18498119,3179,20641606
Soja (em grao),Rio Grande do Sul,2020,5982669,5995871,11283360,1886,16631069
Soja (em grao),Rio Grande do Sul,2021,6107558,6107620,20420501,3343,54519007
Soja (em grao),Rio Grande do Sul,2022,6215638,6387670,9370339,1508,29192603
Soja (em grao),Rio Grande do Sul,2023,6638890,6642140,12693487,1912,28696801
Soja (em grao),Rio Grande do Sul,2024,6502563,6708397,18247609,2806,36103542
Soja (em grao),Rondônia,2000,11800,11800,36222,3069,8331
Soja (em grao),Rondônia,2001,21871,21871,68687,3140,19232
Soja (em grao),Rondônia,2002,28914,28914,83782,2897,50269
Soja (em grao),Rondônia,2003,41600,41600,126396,3038,78366
Soja (em grao),Rondônia,2004,56443,56443,163029,2888,106132
Soja (em grao),Rondônia,2005,75275,75275,233281,3099,101477
Soja (em grao),Rondônia,2006,103110,103110,273701,2654,101817
Soja (em grao),Rondônia,2007,88890,89520,259069,2914,101037
Soja (em grao),Rondônia,2008,99206,99206,311560,3140,177851
Soja (em grao),Rondônia,2009,111426,111426,356836,3202,224803
Soja (em grao),Rondônia,2010,122323,122743,385388,3150,252749
Soja (em grao),Rondônia,2011,132300,132300,419522,3171,328273
Soja (em grao),Rondônia,2012,146144,146144,470485,3219,593306
Soja (em grao),Rondônia,2013,179877,179886,574900,3196,505849
Soja (em grao),Rondônia,2014,191970,195180,614678,3202,601575
Soja (em grao),Rondônia,2015,233605,233605,748429,3204,609560
Soja (em grao),Rondônia,2016,246171,246171,759928,3087,779838
Soja (em grao),Rondônia,2017,280103,280103,913454,3261,951525
Soja (em grao),Rondônia,2018,300816,300816,1000311,3325,999713
Soja (em grao),Rondônia,2019,344551,344551,1190195,3454,1217348
Soja (em grao),Rondônia,2020,392642,392642,1348724,3435,1676618
Soja (em grao),Rondônia,2021,400459,400459,1352087,3376,3360818
Soja (em grao),Rondônia,2022,489526,489526,1750249,3575,4763543
Soja (em grao),Rondônia,2023,589263,589983,2131535,3617,5003640
Soja (em grao),Rondônia,2024,634079,643639,2221610,3504,3727182
Soja (em grao),Roraima,2000,,,,,
Soja (em grao),Roraima,2001,,,,,
Soja (em grao),Roraima,2002,,,,,
Soja (em grao),Roraima,2003,,,,,
Soja (em grao),Roraima,2004,12000,12000,26400,2200,17688
Soja (em grao),Roraima,2005,13000,13000,36400,2800,15288
Soja (em grao),Roraima,2006,11000,11000,30800,2800,12936
Soja (em grao),Roraima,2007,7000,7000,20300,2900,8526
Soja (em grao),Roraima,2008,8000,8000,22400,2800,14560
Soja (em grao),Roraima,2009,1400,1400,3920,2800,2548
Soja (em grao),Roraima,2010,1400,1400,3920,2800,2744
Soja (em grao),Roraima,2011,3600,3600,10080,2800,7560
Soja (em grao),Roraima,2012,5000,5000,14000,2800,11200
Soja (em grao),Roraima,2013,14900,14900,40200,2698,36606
Soja (em grao),Roraima,2014,16000,16000,33950,2122,30603
Soja (em grao),Roraima,2015,23820,23820,55795,2342,67288
Soja (em grao),Roraima,2016,24035,24035,67347,2802,87476
Soja (em grao),Roraima,2017,18725,18725,45077,2407,55979
Soja (em grao),Roraima,2018,37670,37670,105780,2808,132558
Soja (em grao),Roraima,2019,39930,39930,110090,2757,129785
Soja (em grao),Roraima,2020,49800,49800,139550,2802,307483
Soja (em grao),Roraima,2021,71178,71178,225398,3167,693180
Soja (em grao),Roraima,2022,102785,102785,346647,3373,1025095
Soja (em grao),Roraima,2023,128197,128197,445076,3472,920596
Soja (em grao),Roraima,2024,117215,117215,416650,3555,839864
Soja (em grao),Santa Catarina,2000,212412,212412,524688,2470,146709
Soja (em grao),Santa Catarina,2001,198853,198853,534321,2687,151103
Soja (em grao),Santa Catarina,2002,240163,243665,529941,2206,211033
Soja (em grao),Santa Catarina,2003,257086,257086,712175,2770,403675
Soja (em grao),Santa Catarina,2004,314439,314469,641748,2040,483912
Soja (em grao),Santa Catarina,2005,350692,354717,607413,1732,294966
Soja (em grao),Santa Catarina,2006,331537,331627,798809,2409,334978
Soja (em grao),Santa Catarina,2007,385496,385696,1111456,2883,516012
Soja (em grao),Santa Catarina,2008,373358,373358,946463,2535,675967
Soja (em grao),Santa Catarina,2009,385418,385418,993991,2578,725681
Soja (em grao),Santa Catarina,2010,440419,440459,1378532,3130,730264
Soja (em grao),Santa Catarina,2011,457422,457422,1490551,3259,1031549
Soja (em grao),Santa Catarina,2012,451449,452349,1079690,2392,877642
Soja (em grao),Santa Catarina,2013,521271,521339,1586351,3043,1449428
Soja (em grao),Santa Catarina,2014,560098,560098,1668235,2978,1761491
Soja (em grao),Santa Catarina,2015,608483,608641,2000323,3287,1942543
Soja (em grao),Santa Catarina,2016,660761,660764,2139611,3238,2597647
Soja (em grao),Santa Catarina,2017,661855,667892,2447350,3698,2550334
Soja (em grao),Santa Catarina,2018,673700,673700,2338046,3470,2753686
Soja (em grao),Santa Catarina,2019,665015,665548,2270512,3414,2725018
Soja (em grao),Santa Catarina,2020,664795,664795,2243989,3375,3095490
Soja (em grao),Santa Catarina,2021,688972,688980,2323735,3373,5335478
Soja (em grao),Santa Catarina,2022,752930,754520,2159405,2868,6396938
Soja (em grao),Santa Catarina,2023,775673,776923,2951678,3805,7016732
Soja (em grao),Santa Catarina,2024,811243,814633,2733806,3370,5325337
Soja (em grao),São Paulo,2000,535010,535010,1190110,2224,342752
Soja (em grao),São Paulo,2001,530000,530000,1355680,2557,480670
Soja (em grao),São Paulo,2002,576800,576807,1560520,2705,756119
Soja (em grao),São Paulo,2003,642450,642450,1708938,2660,962014
Soja (em grao),São Paulo,2004,779880,779880,1854230,2377,1235039
Soja (em grao),São Paulo,2005,781210,781210,1703660,2180,798297
Soja (em grao),São Paulo,2006,656600,656600,1648100,2510,658320
Soja (em grao),São Paulo,2007,475973,475973,1243833,2613,679516
Soja (em grao),São Paulo,2008,525940,525940,1446108,2749,995494
Soja (em grao),São Paulo,2009,494273,494551,1327105,2684,895572
Soja (em grao),São Paulo,2010,495104,495833,1412934,2853,921711
Soja (em grao),São Paulo,2011,461305,488342,1271437,2756,901771
Soja (em grao),São Paulo,2012,562647,562648,1566956,2785,1423334
Soja (em grao),São Paulo,2013,610452,610452,1844951,3022,1671773
Soja (em grao),São Paulo,2014,692589,693592,1709229,2468,1708011
Soja (em grao),São Paulo,2015,791903,792081,2406262,3039,2398440
Soja (em grao),São Paulo,2016,848782,848839,2792796,3290,3165672
Soja (em grao),São Paulo,2017,946540,946540,3291823,3478,3462056
Soja (em grao),São Paulo,2018,973064,973124,3410297,3505,3967501
Soja (em grao),São Paulo,2019,1080336,1080541,3455497,3199,4016746
Soja (em grao),São Paulo,2020,1132955,1132965,3887567,3431,6802029
Soja (em grao),São Paulo,2021,1199351,1199351,4184832,3489,10198570
Soja (em grao),São Paulo,2022,1252070,1252070,4478064,3577,12392459
Soja (em grao),São Paulo,2023,1360285,1360285,4962226,3648,11912646
Soja (em grao),São Paulo,2024,1355595,1388333,3626440,2675,7161317
Soja (em grao),Sergipe,2000,,,,,
Soja (em grao),Sergipe,2001,,,,,
Soja (em grao),Sergipe,2002,,,,,
Soja (em grao),Sergipe,2003,,,,,
Soja (em grao),Sergipe,2004,,,,,
Soja (em grao),Sergipe,2005,,,,,
Soja (em grao),Sergipe,2006,,,,,
Soja (em grao),Sergipe,2007,,,,,
Soja (em grao),Sergipe,2008,,,,,
Soja (em grao),Sergipe,2009,,,,,
Soja (em grao),Sergipe,2010,,,,,
Soja (em grao),Sergipe,2011,,,,,
Soja (em grao),Sergipe,2012,,,,,
Soja (em grao),Sergipe,2013,,,,,
Soja (em grao),Sergipe,2014,,,,,
Soja (em grao),Sergipe,2015,,,,,
Soja (em grao),Sergipe,2016,,,,,
Soja (em grao),Sergipe,2017,,,,,
Soja (em grao),Sergipe,2018,,,,,
Soja (em grao),Sergipe,2019,,,,,
Soja (em grao),Sergipe,2020,,,,,
Soja (em grao),Sergipe,2021,,,,,
Soja (em grao),Sergipe,2022,,,,,
Soja (em grao),Sergipe,2023,,,,,
Soja (em grao),Sergipe,2024,,,,,
Soja (em grao),Tocantins,2000,57919,57919,144362,2492,36895
Soja (em grao),Tocantins,2001,82098,82098,188226,2292,50214
Soja (em grao),Tocantins,2002,107377,107377,244329,2275,93149
Soja (em grao),Tocantins,2003,153048,153048,377638,2467,211072
Soja (em grao),Tocantins,2004,253466,253466,652322,2573,375745
Soja (em grao),Tocantins,2005,355300,355300,905328,2548,390151
Soja (em grao),Tocantins,2006,321090,329220,742891,2313,269028
Soja (em grao),Tocantins,2007,304096,304096,731672,2406,322064
Soja (em grao),Tocantins,2008,329508,329508,894309,2714,605724
Soja (em grao),Tocantins,2009,315560,315560,875428,2774,575844
Soja (em grao),Tocantins,2010,352875,352875,991326,2809,594909
Soja (em grao),Tocantins,2011,396132,396132,1193453,3013,807180
Soja (em grao),Tocantins,2012,415463,415463,1276928,3074,969249
Soja (em grao),Tocantins,2013,536545,536545,1557939,2904,1203175
Soja (em grao),Tocantins,2014,718374,719356,2094100,2915,1951334
Soja (em grao),Tocantins,2015,830031,830031,2418367,2914,2001281
Soja (em grao),Tocantins,2016,828435,845745,1922508,2321,1924493
Soja (em grao),Tocantins,2017,842160,842160,2410207,2862,2283976
Soja (em grao),Tocantins,2018,898582,898582,2606036,2900,2613259
Soja (em grao),Tocantins,2019,905044,905281,2615178,2890,2803522
Soja (em grao),Tocantins,2020,962399,962399,3004239,3122,4646661
Soja (em grao),Tocantins,2021,1112598,1113801,3477152,3125,9013076
Soja (em grao),Tocantins,2022,1166489,1167122,3785386,3245,10495855
Soja (em grao),Tocantins,2023,1331473,1331484,4340578,3260,9825827
Soja (em grao),Tocantins,2024,1422613,1428227,4343438,3053,7423563